{
"type": "FeatureCollection",
"name": "Cobertura_EV",
"crs": { "type": "name", "properties": { "name": "urn:ogc:def:crs:OGC:1.3:CRS84" } },
"features": [
{ "type": "Feature", "properties": { "ObjectID": 373, "FacilityID": 283, "Name": "Location 1 : 0 - 10", "FromBreak": 0.0, "ToBreak": 10.0, "OBJECTID_1": 0, "stroke": null, "stroke_wid": 0, "stroke_opa": 0, "fill": null, "fill_opaci": 0.0, "name_1": null, "adddress": null, "address": null, "centroides": 0, "centroid": null, "ORIG_FID": 0, "OBJECTID_2": 0, "stroke_1": null, "stroke_w_1": 0, "stroke_o_1": 0, "fill_1": null, "fill_opa_1": 0.0, "name_12": null, "adddress_1": null, "address_1": null, "area": 0, "centroid_1": null, "Shape_Leng": 0.0, "Shape_Area": 0.0 }, "geometry": { "type": "MultiPolygon", "coordinates": [ [ [ [ -58.414901434395112, -34.730598346890424 ], [ -58.415560913661281, -34.730850411558777 ], [ -58.415574055424685, -34.730816565437628 ], [ -58.415578750607594, -34.730809689628835 ], [ -58.415587183221497, -34.730797841927689 ], [ -58.415941364302206, -34.730909323387145 ], [ -58.415997906299246, -34.730544971912437 ], [ -58.416241162360812, -34.730541105126221 ], [ -58.416478371186095, -34.730170628900545 ], [ -58.416480503370899, -34.730167750503874 ], [ -58.416526703344879, -34.730102214938853 ], [ -58.416833054302934, -34.729662625933834 ], [ -58.416908631159096, -34.729629516186641 ], [ -58.417240273968687, -34.729178363550446 ], [ -58.417314583477612, -34.729079626522555 ], [ -58.417316827154863, -34.729076695438458 ], [ -58.41762622433604, -34.72865049697679 ], [ -58.417679934732995, -34.728614049490837 ], [ -58.417999581106763, -34.728180716674181 ], [ -58.418001785120367, -34.728177831105761 ], [ -58.418072367916373, -34.728084270064024 ], [ -58.41842921859034, -34.727604333422782 ], [ -58.418482824568642, -34.727560620313866 ], [ -58.418847713762311, -34.727074005558876 ], [ -58.418906468595729, -34.726997899010108 ], [ -58.418908728074285, -34.726995004667437 ], [ -58.419108326369056, -34.726738102322592 ], [ -58.419135927335518, -34.726714704071988 ], [ -58.419337397353573, -34.726456189609721 ], [ -58.41933964618071, -34.72645331250849 ], [ -58.419412637989211, -34.726359390941347 ], [ -58.419659820358767, -34.726031263771652 ], [ -58.419692974068106, -34.726000507142771 ], [ -58.419942560996923, -34.725670118795371 ], [ -58.420002804201722, -34.725591597748029 ], [ -58.420005028662544, -34.725588702892274 ], [ -58.420133146951649, -34.725424912723817 ], [ -58.420142784753871, -34.725405920268081 ], [ -58.420270529513033, -34.725242853571068 ], [ -58.420272771357112, -34.725239954902499 ], [ -58.420333419292916, -34.72516209144959 ], [ -58.42067715167645, -34.724728558268978 ], [ -58.420702818187607, -34.724677598043293 ], [ -58.421043763912245, -34.724249478168552 ], [ -58.421111091736527, -34.724164235657163 ], [ -58.421113341625734, -34.724161363919293 ], [ -58.421378754104396, -34.723832050787983 ], [ -58.421396529906325, -34.723792150739847 ], [ -58.42166005758309, -34.723466951022495 ], [ -58.421662306848603, -34.723464045031541 ], [ -58.421738698367257, -34.72336610756259 ], [ -58.421999892362585, -34.723031898565601 ], [ -58.422014317213147, -34.722989881576801 ], [ -58.422273519148085, -34.722661232107065 ], [ -58.42234011974994, -34.722574467868263 ], [ -58.422342313537101, -34.722571576032692 ], [ -58.42260082829042, -34.722242725695985 ], [ -58.422610308461245, -34.722198210226573 ], [ -58.422866971692876, -34.721877380230623 ], [ -58.422921899009097, -34.721807796123137 ], [ -58.42292411716889, -34.721804927427002 ], [ -58.423178624120474, -34.72149963199989 ], [ -58.423178799843463, -34.721450458985807 ], [ -58.423432954277523, -34.721158466226157 ], [ -58.423494472985276, -34.721081623969056 ], [ -58.423496724893546, -34.721078752164267 ], [ -58.423536715655786, -34.721034195516324 ], [ -58.423531868365401, -34.721024742271325 ], [ -58.423572277778788, -34.720981048696494 ], [ -58.42357340676503, -34.720979598787416 ], [ -58.423609196033027, -34.720935565317731 ], [ -58.423903240157479, -34.720597269320336 ], [ -58.423260740507764, -34.719715570152076 ], [ -58.422456174943768, -34.719593765017763 ], [ -58.421564860863604, -34.719912142995923 ], [ -58.421415576433844, -34.719997622917617 ], [ -58.41988148837499, -34.720263874009113 ], [ -58.419729941749495, -34.720312694248413 ], [ -58.418341332960424, -34.720585803742495 ], [ -58.417767832448085, -34.720664031334195 ], [ -58.416752348297031, -34.720859377858645 ], [ -58.415719150830476, -34.721037622667019 ], [ -58.415148027481678, -34.721145377501706 ], [ -58.413765306571037, -34.721402204113303 ], [ -58.413341379956677, -34.721482646953419 ], [ -58.413430583713442, -34.721834109418843 ], [ -58.412782028367864, -34.722997099661917 ], [ -58.413034654885436, -34.724033244805256 ], [ -58.413164715097537, -34.72449477751433 ], [ -58.413538069942369, -34.725811913456646 ], [ -58.413630105017759, -34.726138556117618 ], [ -58.413983419453288, -34.727455222440582 ], [ -58.414078009787175, -34.727788986997382 ], [ -58.414441539524702, -34.729095030613891 ], [ -58.414549443303869, -34.729472245330065 ], [ -58.414857799752141, -34.730442204198773 ], [ -58.414901434395112, -34.730598346890424 ] ] ] ] } },
{ "type": "Feature", "properties": { "ObjectID": 374, "FacilityID": 284, "Name": "Location 2 : 0 - 10", "FromBreak": 0.0, "ToBreak": 10.0, "OBJECTID_1": 0, "stroke": null, "stroke_wid": 0, "stroke_opa": 0, "fill": null, "fill_opaci": 0.0, "name_1": null, "adddress": null, "address": null, "centroides": 0, "centroid": null, "ORIG_FID": 0, "OBJECTID_2": 0, "stroke_1": null, "stroke_w_1": 0, "stroke_o_1": 0, "fill_1": null, "fill_opa_1": 0.0, "name_12": null, "adddress_1": null, "address_1": null, "area": 0, "centroid_1": null, "Shape_Leng": 0.0, "Shape_Area": 0.0 }, "geometry": { "type": "MultiPolygon", "coordinates": [ [ [ [ -58.404632669454728, -34.684064143466038 ], [ -58.404225922577638, -34.68450674784529 ], [ -58.403538633630355, -34.684513969638715 ], [ -58.403040975397829, -34.685488098312831 ], [ -58.401559243935225, -34.685502328676016 ], [ -58.40133620237804, -34.685504320459394 ], [ -58.40133953558113, -34.685686109220931 ], [ -58.401355280587495, -34.686894589527206 ], [ -58.401242043065629, -34.687290411063508 ], [ -58.400555212860901, -34.687977419844849 ], [ -58.400556166055729, -34.688028693902901 ], [ -58.401268220348634, -34.688697956934384 ], [ -58.401100472221053, -34.688914536683662 ], [ -58.400411514308772, -34.68961612747659 ], [ -58.400796889340974, -34.690122095439612 ], [ -58.400956897318856, -34.690547891064945 ], [ -58.400959606533014, -34.690767003896575 ], [ -58.400950980536827, -34.692025312569676 ], [ -58.400938951264429, -34.692581252782581 ], [ -58.40131049757111, -34.693795514693178 ], [ -58.401320997120621, -34.693839302394068 ], [ -58.401320957818491, -34.693842667523107 ], [ -58.401324970011785, -34.693842708810351 ], [ -58.401382640756466, -34.693838793544849 ], [ -58.402174062824109, -34.694398479625931 ], [ -58.402177702991409, -34.69439852516583 ], [ -58.40292448910045, -34.693925743592402 ], [ -58.403074074393359, -34.693918682635577 ], [ -58.403157537120961, -34.693919481849036 ], [ -58.404877826548457, -34.694026475355052 ], [ -58.405033147659232, -34.694024845791674 ], [ -58.406267794764553, -34.694099218284798 ], [ -58.406553131596901, -34.694242156131786 ], [ -58.407856912694392, -34.694310974279645 ], [ -58.40832520258207, -34.694354578921953 ], [ -58.409354765102385, -34.694403521978771 ], [ -58.410014499623372, -34.694416325276663 ], [ -58.410821895666402, -34.694449646732423 ], [ -58.411691630863658, -34.693901809065935 ], [ -58.411720717480932, -34.692924019999381 ], [ -58.411837066745342, -34.692637768132563 ], [ -58.411983854069838, -34.691845745109809 ], [ -58.412008340875509, -34.69112981176815 ], [ -58.412105582211417, -34.690538885573346 ], [ -58.412152740100282, -34.689743034107344 ], [ -58.412277386801591, -34.689216468799671 ], [ -58.41243728246819, -34.688002900238722 ], [ -58.41242477568661, -34.687869127013066 ], [ -58.412931046092694, -34.68671705942225 ], [ -58.41285316810098, -34.68651111913654 ], [ -58.412518442078806, -34.685777322599968 ], [ -58.412325134832194, -34.685191520891074 ], [ -58.411601647146426, -34.68535910695433 ], [ -58.410875823132365, -34.685134772890123 ], [ -58.409808921327453, -34.685404658326625 ], [ -58.409706101396786, -34.685356426787784 ], [ -58.409935965242624, -34.684747161175345 ], [ -58.409437328236685, -34.685221494660055 ], [ -58.408179080431779, -34.685088278877281 ], [ -58.408016826343065, -34.684961464884701 ], [ -58.406979425185028, -34.684852434528324 ], [ -58.406641264915301, -34.684795389215417 ], [ -58.405847054595334, -34.684345472195822 ], [ -58.404912022810926, -34.683957658319812 ], [ -58.404632669454728, -34.684064143466038 ] ] ] ] } },
{ "type": "Feature", "properties": { "ObjectID": 375, "FacilityID": 285, "Name": "Location 3 : 0 - 10", "FromBreak": 0.0, "ToBreak": 10.0, "OBJECTID_1": 0, "stroke": null, "stroke_wid": 0, "stroke_opa": 0, "fill": null, "fill_opaci": 0.0, "name_1": null, "adddress": null, "address": null, "centroides": 0, "centroid": null, "ORIG_FID": 0, "OBJECTID_2": 0, "stroke_1": null, "stroke_w_1": 0, "stroke_o_1": 0, "fill_1": null, "fill_opa_1": 0.0, "name_12": null, "adddress_1": null, "address_1": null, "area": 0, "centroid_1": null, "Shape_Leng": 0.0, "Shape_Area": 0.0 }, "geometry": { "type": "MultiPolygon", "coordinates": [ [ [ [ -58.420005842571491, -34.665671537235433 ], [ -58.420254200995146, -34.666567107473547 ], [ -58.418742311149927, -34.666444061889237 ], [ -58.418456257511565, -34.666242735763831 ], [ -58.418189706789533, -34.666451219955732 ], [ -58.417301836610676, -34.667200478318847 ], [ -58.416526975454936, -34.667216254670095 ], [ -58.416198300594182, -34.66722761981918 ], [ -58.41619556738533, -34.667247974874869 ], [ -58.416513236330132, -34.66731858424825 ], [ -58.417265074085861, -34.667474292323142 ], [ -58.417233200952261, -34.667732996267411 ], [ -58.416085168582981, -34.667943121316597 ], [ -58.416077625881194, -34.66822067044793 ], [ -58.416071854049072, -34.668276196633364 ], [ -58.416071664693973, -34.668277890638613 ], [ -58.416115773993397, -34.668299926874994 ], [ -58.41692435313476, -34.668849820837707 ], [ -58.418136400443196, -34.670243822878916 ], [ -58.417819003082997, -34.671365680823847 ], [ -58.41783820017848, -34.671400208449022 ], [ -58.417836783080702, -34.671402005068501 ], [ -58.417566153075221, -34.671603897989584 ], [ -58.418263086517364, -34.67237507738632 ], [ -58.419568456093771, -34.673329913154568 ], [ -58.420153971011651, -34.674083497642791 ], [ -58.420258264170876, -34.674469377110981 ], [ -58.420939820313386, -34.675199683521583 ], [ -58.421105567141282, -34.675407762535016 ], [ -58.422367983644435, -34.67530484068287 ], [ -58.422948947768738, -34.675174689258554 ], [ -58.423933810256734, -34.675230863398909 ], [ -58.42395826974267, -34.675229075107907 ], [ -58.424547392182639, -34.674901215305837 ], [ -58.425676669723821, -34.67420195607599 ], [ -58.426241329920224, -34.674079125568085 ], [ -58.427400779912595, -34.673824004044448 ], [ -58.428059329686384, -34.673681360192575 ], [ -58.429137614608592, -34.673445350403632 ], [ -58.428938095176434, -34.672733131499676 ], [ -58.429192857592284, -34.671684095853145 ], [ -58.429194383183621, -34.671681960734169 ], [ -58.429182777761099, -34.671619363174372 ], [ -58.429593136378834, -34.670699472864158 ], [ -58.429102241215404, -34.669774431425722 ], [ -58.429101318402708, -34.669773994283211 ], [ -58.429097493746909, -34.669756222481716 ], [ -58.4290973176713, -34.669755689154499 ], [ -58.429086523965175, -34.66973143375526 ], [ -58.429190434836094, -34.669598346793784 ], [ -58.429356952329329, -34.668743363773459 ], [ -58.428818865302546, -34.667925592862815 ], [ -58.428856622456699, -34.667763302384266 ], [ -58.429533109212159, -34.667040876449747 ], [ -58.429499722133372, -34.666968754858807 ], [ -58.429462435455825, -34.666888207359271 ], [ -58.429442105490345, -34.666892473832519 ], [ -58.429170962328527, -34.666957954333512 ], [ -58.428399291646009, -34.667205691697703 ], [ -58.428205446552099, -34.667195412090642 ], [ -58.426547370409196, -34.667878924837517 ], [ -58.425535988969223, -34.668731090475617 ], [ -58.425418237437846, -34.668782382517819 ], [ -58.425282725984502, -34.668894211974241 ], [ -58.425279754471497, -34.668896643366828 ], [ -58.425226075754658, -34.668906750363057 ], [ -58.424821234545114, -34.669021264981851 ], [ -58.424768625114652, -34.668982080672954 ], [ -58.424201080693827, -34.6686979675979 ], [ -58.424085066783533, -34.668639471847222 ], [ -58.424081528888593, -34.668637687080263 ], [ -58.42377277468097, -34.668480558275959 ], [ -58.423736858985968, -34.668469268573027 ], [ -58.42343034931735, -34.668312859868436 ], [ -58.423336210808003, -34.668265851400491 ], [ -58.423332654710769, -34.668264084850506 ], [ -58.423183957621781, -34.66818873816807 ], [ -58.423166285056872, -34.668183916872415 ], [ -58.423018242677067, -34.66810875342145 ], [ -58.42293660092605, -34.668068237065057 ], [ -58.42293303948442, -34.668066475973532 ], [ -58.422833354866086, -34.668015743546597 ], [ -58.422821255926273, -34.668012838270073 ], [ -58.422721924217285, -34.667962193566375 ], [ -58.422718368897385, -34.667960407159619 ], [ -58.422644157718437, -34.66792282604402 ], [ -58.422348504086479, -34.667768047248508 ], [ -58.422312718000725, -34.667758439297501 ], [ -58.422019952705675, -34.667604459715797 ], [ -58.421905116619314, -34.667546785438198 ], [ -58.421901572549181, -34.667545016902487 ], [ -58.421858254486509, -34.667535064940161 ], [ -58.421810423202579, -34.667372651763948 ], [ -58.421823362671383, -34.667365827351077 ], [ -58.421833573146181, -34.667307191833977 ], [ -58.42201756705569, -34.667431611672498 ], [ -58.422476247257514, -34.666212579958284 ], [ -58.421039984240572, -34.666066271285381 ], [ -58.420089295215163, -34.665561290816527 ], [ -58.420005842571491, -34.665671537235433 ] ] ] ] } },
{ "type": "Feature", "properties": { "ObjectID": 376, "FacilityID": 286, "Name": "Location 4 : 0 - 10", "FromBreak": 0.0, "ToBreak": 10.0, "OBJECTID_1": 0, "stroke": null, "stroke_wid": 0, "stroke_opa": 0, "fill": null, "fill_opaci": 0.0, "name_1": null, "adddress": null, "address": null, "centroides": 0, "centroid": null, "ORIG_FID": 0, "OBJECTID_2": 0, "stroke_1": null, "stroke_w_1": 0, "stroke_o_1": 0, "fill_1": null, "fill_opa_1": 0.0, "name_12": null, "adddress_1": null, "address_1": null, "area": 0, "centroid_1": null, "Shape_Leng": 0.0, "Shape_Area": 0.0 }, "geometry": { "type": "MultiPolygon", "coordinates": [ [ [ [ -58.40924995863854, -34.701616623555637 ], [ -58.40888227893258, -34.702014439376057 ], [ -58.407775095080467, -34.703114826996696 ], [ -58.406725109949107, -34.703341098553906 ], [ -58.406616468491855, -34.703466045291727 ], [ -58.406692406217125, -34.704360021794585 ], [ -58.40660775000601, -34.704470506434589 ], [ -58.405560686007817, -34.704762339624814 ], [ -58.405555702020642, -34.70476294873913 ], [ -58.405432900533867, -34.704879907964425 ], [ -58.405519168431958, -34.705717484165355 ], [ -58.404817430354271, -34.706784556247733 ], [ -58.405032395899724, -34.707670917513859 ], [ -58.405897331937396, -34.708189591209184 ], [ -58.406293411247901, -34.708484343506981 ], [ -58.406523867589463, -34.709248962204626 ], [ -58.406531157714539, -34.709247878460999 ], [ -58.407583830731966, -34.709235301113509 ], [ -58.407914593844772, -34.709446947358721 ], [ -58.409193423489867, -34.710158488132258 ], [ -58.409653580232501, -34.710394792882333 ], [ -58.410634107636206, -34.711756066013663 ], [ -58.410882779120463, -34.712147261888148 ], [ -58.411822866030491, -34.712738169945119 ], [ -58.412493698354368, -34.712056284896761 ], [ -58.41300216362621, -34.711957655870798 ], [ -58.413843847044724, -34.711882772784726 ], [ -58.415207705202334, -34.711708596179037 ], [ -58.415374955919212, -34.710673825687074 ], [ -58.416428013018532, -34.71024078831222 ], [ -58.416524421253094, -34.710222032839262 ], [ -58.416502225477245, -34.710138593522359 ], [ -58.416792359816469, -34.708961678513852 ], [ -58.416684337706101, -34.708498848506586 ], [ -58.416620567331044, -34.707702572614522 ], [ -58.417792055013187, -34.707089532932201 ], [ -58.417919348076971, -34.707089260151079 ], [ -58.418440670345262, -34.706726590564344 ], [ -58.418430601004992, -34.706714392941102 ], [ -58.418415303886384, -34.705691054060068 ], [ -58.418239612319866, -34.704986083187684 ], [ -58.418012371363275, -34.704078684764731 ], [ -58.417910679984779, -34.703688966178461 ], [ -58.416897168473511, -34.702825548086096 ], [ -58.41601529062892, -34.702951756966399 ], [ -58.415527107390652, -34.70272402776191 ], [ -58.414191622821342, -34.701928088823216 ], [ -58.414113943420425, -34.701581317569236 ], [ -58.413689968912585, -34.701641788556778 ], [ -58.412807768002772, -34.700979720072468 ], [ -58.412431514416298, -34.700926489234732 ], [ -58.411241355945279, -34.700150239689314 ], [ -58.410770062033748, -34.699875237714942 ], [ -58.410437682339513, -34.700273164966966 ], [ -58.409819125454206, -34.700952284379348 ], [ -58.40924995863854, -34.701616623555637 ] ] ] ] } },
{ "type": "Feature", "properties": { "ObjectID": 377, "FacilityID": 287, "Name": "Location 5 : 0 - 10", "FromBreak": 0.0, "ToBreak": 10.0, "OBJECTID_1": 0, "stroke": null, "stroke_wid": 0, "stroke_opa": 0, "fill": null, "fill_opaci": 0.0, "name_1": null, "adddress": null, "address": null, "centroides": 0, "centroid": null, "ORIG_FID": 0, "OBJECTID_2": 0, "stroke_1": null, "stroke_w_1": 0, "stroke_o_1": 0, "fill_1": null, "fill_opa_1": 0.0, "name_12": null, "adddress_1": null, "address_1": null, "area": 0, "centroid_1": null, "Shape_Leng": 0.0, "Shape_Area": 0.0 }, "geometry": { "type": "MultiPolygon", "coordinates": [ [ [ [ -58.365163508882823, -34.699945786523337 ], [ -58.364952393601996, -34.70004761074474 ], [ -58.36486463079094, -34.700021201357444 ], [ -58.364863925654298, -34.700021193933679 ], [ -58.364819613493459, -34.700035487082424 ], [ -58.363264114002376, -34.699952806018693 ], [ -58.363233400619578, -34.699941597220366 ], [ -58.362696478690481, -34.700390991246621 ], [ -58.362326567042714, -34.700759167314672 ], [ -58.3622381680564, -34.700774705991414 ], [ -58.361833711881381, -34.701149537416597 ], [ -58.361757639916107, -34.701215392138586 ], [ -58.361754798964022, -34.701217849390417 ], [ -58.361345745362016, -34.701548072935417 ], [ -58.361331632239541, -34.701615061200592 ], [ -58.360928263903027, -34.701921063997105 ], [ -58.360033598691075, -34.70272780954587 ], [ -58.359920504550701, -34.702774365052377 ], [ -58.359852900123734, -34.702836432212024 ], [ -58.359839916866186, -34.702838229273176 ], [ -58.359771408760068, -34.702900436267107 ], [ -58.359709789380759, -34.702952835503559 ], [ -58.359706892657911, -34.702955293330803 ], [ -58.359699424877384, -34.702960200630692 ], [ -58.359700588340559, -34.702962270637492 ], [ -58.359693095771249, -34.702967130442737 ], [ -58.359690194771105, -34.702969593725363 ], [ -58.359617836870733, -34.703031653415678 ], [ -58.359284429833494, -34.703330947421748 ], [ -58.359229631896675, -34.703349501701474 ], [ -58.358885032255287, -34.703652745677495 ], [ -58.358882143859631, -34.70365518176046 ], [ -58.35879944852222, -34.703724943730172 ], [ -58.358433193172303, -34.704021234392989 ], [ -58.358411519683635, -34.704067814714037 ], [ -58.358049981378315, -34.704354395620243 ], [ -58.358031645870206, -34.704379851874073 ], [ -58.357440565345819, -34.70584314470873 ], [ -58.358941244008037, -34.706162224425249 ], [ -58.359124909363274, -34.706067122474977 ], [ -58.359151107211481, -34.706066464271423 ], [ -58.359337709444304, -34.705971246317425 ], [ -58.35936863243623, -34.705955466790982 ], [ -58.359398246488844, -34.705953477899818 ], [ -58.359963294098947, -34.705668927193813 ], [ -58.359992364411241, -34.705664665648705 ], [ -58.35999521660581, -34.705664750082526 ], [ -58.360131109628746, -34.705691037497125 ], [ -58.360186447407841, -34.705742049185851 ], [ -58.360814167511613, -34.706089412679411 ], [ -58.360942205744486, -34.706159837051267 ], [ -58.360945671850033, -34.706161751529493 ], [ -58.361252691159592, -34.706323412176651 ], [ -58.361280518786778, -34.706346015935026 ], [ -58.361285913422051, -34.706349459154303 ], [ -58.361301151714073, -34.706369221952528 ], [ -58.361263216406584, -34.706422837320318 ], [ -58.360967464284691, -34.706668806654328 ], [ -58.359869282978693, -34.707521802387127 ], [ -58.359840094148453, -34.707563808716223 ], [ -58.35970822003236, -34.707667631022495 ], [ -58.35970525733515, -34.707670002156569 ], [ -58.359231013683377, -34.708041488447876 ], [ -58.359199170013554, -34.708098978569048 ], [ -58.358732664390423, -34.708456974641472 ], [ -58.358729633550581, -34.708459387072359 ], [ -58.358641280150501, -34.708528112415117 ], [ -58.358144502718417, -34.708898228844156 ], [ -58.358127265960725, -34.708990753958673 ], [ -58.357639807800723, -34.709316843222211 ], [ -58.357638239783043, -34.709318072093176 ], [ -58.357636818805098, -34.709319415597989 ], [ -58.357856270917473, -34.710236340638495 ], [ -58.357870831408796, -34.710474804558274 ], [ -58.358824802260251, -34.710462450687103 ], [ -58.359761948416548, -34.71051024485913 ], [ -58.360930774194635, -34.710546876665838 ], [ -58.361463027716972, -34.71066463074704 ], [ -58.362264011276572, -34.711261961238627 ], [ -58.363120681921167, -34.710745889110662 ], [ -58.363289487550873, -34.71068405953099 ], [ -58.364506212737609, -34.711011691355495 ], [ -58.364906886865043, -34.710676292751778 ], [ -58.365496207201623, -34.710607086340524 ], [ -58.365567223903668, -34.710605546707782 ], [ -58.365614805749694, -34.710613139779582 ], [ -58.36561615109067, -34.710614505544996 ], [ -58.365700901279141, -34.710701753889772 ], [ -58.366093123858704, -34.711105815426777 ], [ -58.367385886813793, -34.710925830268387 ], [ -58.368140065028307, -34.710196712681672 ], [ -58.368141602191258, -34.710196402484655 ], [ -58.367562123137247, -34.709391610439326 ], [ -58.367695309779464, -34.708743547537587 ], [ -58.367930558640758, -34.707338948771444 ], [ -58.368292751807196, -34.706415742342017 ], [ -58.367651695387792, -34.705602851675657 ], [ -58.367641248882137, -34.70560879157658 ], [ -58.367637659499131, -34.705605429325722 ], [ -58.36764073845746, -34.70553952151014 ], [ -58.367642534625602, -34.705517753006539 ], [ -58.367645667866938, -34.705515550120317 ], [ -58.367874924172547, -34.70536957196213 ], [ -58.367872337385826, -34.705323753639973 ], [ -58.368089419901189, -34.70520334747188 ], [ -58.368092675853376, -34.70520130723957 ], [ -58.367917553058312, -34.704325942668113 ], [ -58.367931471023809, -34.704189059089842 ], [ -58.367767624827621, -34.704179004583068 ], [ -58.367063215814547, -34.704086268258848 ], [ -58.366863251852791, -34.703877890221058 ], [ -58.367435782232796, -34.703341505042523 ], [ -58.36757054467801, -34.703162518384957 ], [ -58.367560074528924, -34.70315168467036 ], [ -58.367318856294744, -34.703220512263506 ], [ -58.366558562355102, -34.70356259915166 ], [ -58.36627913771116, -34.70303423098251 ], [ -58.366355909107263, -34.702837266209613 ], [ -58.367095670966094, -34.702194416829613 ], [ -58.366422507957594, -34.701513055833637 ], [ -58.366153035999908, -34.700685139615373 ], [ -58.366177232452827, -34.700371647365571 ], [ -58.36545624859292, -34.699965088276514 ], [ -58.365227110073334, -34.699881900960946 ], [ -58.365225705913581, -34.699883121782484 ], [ -58.365163508882823, -34.699945786523337 ] ] ] ] } },
{ "type": "Feature", "properties": { "ObjectID": 378, "FacilityID": 288, "Name": "Location 6 : 0 - 10", "FromBreak": 0.0, "ToBreak": 10.0, "OBJECTID_1": 0, "stroke": null, "stroke_wid": 0, "stroke_opa": 0, "fill": null, "fill_opaci": 0.0, "name_1": null, "adddress": null, "address": null, "centroides": 0, "centroid": null, "ORIG_FID": 0, "OBJECTID_2": 0, "stroke_1": null, "stroke_w_1": 0, "stroke_o_1": 0, "fill_1": null, "fill_opa_1": 0.0, "name_12": null, "adddress_1": null, "address_1": null, "area": 0, "centroid_1": null, "Shape_Leng": 0.0, "Shape_Area": 0.0 }, "geometry": { "type": "MultiPolygon", "coordinates": [ [ [ [ -58.365160451709428, -34.699943509748572 ], [ -58.364929634754169, -34.70003646288653 ], [ -58.364865216675916, -34.700031557469387 ], [ -58.364864082567877, -34.700031545837604 ], [ -58.364821015861565, -34.700034488915875 ], [ -58.363264112911217, -34.699952806030893 ], [ -58.363235827709445, -34.699950840321073 ], [ -58.362696128493013, -34.700390732874105 ], [ -58.362314103982328, -34.700756723433997 ], [ -58.362239015043855, -34.700776975102933 ], [ -58.361833780464266, -34.70114959343428 ], [ -58.361757711639605, -34.701215440009193 ], [ -58.361754866381922, -34.701217900914472 ], [ -58.361348317848545, -34.70154867963501 ], [ -58.36132845960686, -34.701606733138036 ], [ -58.36092798946796, -34.701920833616121 ], [ -58.359903439347924, -34.70274074004822 ], [ -58.35992101323869, -34.70277477128576 ], [ -58.359866483377608, -34.702845422871505 ], [ -58.359834462252977, -34.702832903759692 ], [ -58.359771172074211, -34.702900245121086 ], [ -58.359769078932295, -34.702906056871832 ], [ -58.35966403005061, -34.702994161445716 ], [ -58.359345721585115, -34.703319799964206 ], [ -58.359248759956884, -34.703323626319779 ], [ -58.358885686057576, -34.703651814514295 ], [ -58.358802114008945, -34.70372235780912 ], [ -58.358799240679005, -34.703724781103418 ], [ -58.358425491926774, -34.704019081337613 ], [ -58.358422437170198, -34.704093191828036 ], [ -58.358050845722751, -34.704355126885147 ], [ -58.358039869423564, -34.704403477105714 ], [ -58.357440564269289, -34.705843145622055 ], [ -58.358940762689663, -34.706161557396427 ], [ -58.359109337361396, -34.706052879303066 ], [ -58.359153925184543, -34.706073396565436 ], [ -58.359337878245555, -34.705971490499067 ], [ -58.359368095743136, -34.705954750808175 ], [ -58.359398111104234, -34.705963681646281 ], [ -58.359963294098947, -34.705668927193813 ], [ -58.359992154773451, -34.705670595182077 ], [ -58.359994614951262, -34.705670667767862 ], [ -58.360130941907137, -34.705684258610226 ], [ -58.360183200015214, -34.705743025535838 ], [ -58.360814103247812, -34.706089487306848 ], [ -58.360942232346382, -34.706159795292585 ], [ -58.360945701769914, -34.706161712437776 ], [ -58.361253049238968, -34.706322218411003 ], [ -58.361279666525881, -34.706346558147899 ], [ -58.361282595640951, -34.706348538104599 ], [ -58.361296935498231, -34.706369488989417 ], [ -58.36126206980876, -34.706420603098834 ], [ -58.360967464284691, -34.706668806654328 ], [ -58.35986272091634, -34.7075225209907 ], [ -58.35984033480036, -34.707564041279035 ], [ -58.359708090880567, -34.707667542330242 ], [ -58.359705137886685, -34.707669906145313 ], [ -58.359226149110526, -34.708040491762695 ], [ -58.359203052148104, -34.708113243980932 ], [ -58.358733093003906, -34.708457354732062 ], [ -58.358677707466633, -34.708499122968526 ], [ -58.358676249978494, -34.708500301046449 ], [ -58.358257063848619, -34.708799945921697 ], [ -58.358588183376121, -34.70981352869935 ], [ -58.35939766640147, -34.71040174599063 ], [ -58.360223093501155, -34.709875773774982 ], [ -58.3605572610808, -34.709873564570863 ], [ -58.36167318448274, -34.71050410642512 ], [ -58.362934999444988, -34.71056596073025 ], [ -58.363499471244225, -34.710523380809413 ], [ -58.36460864375524, -34.710933310349979 ], [ -58.364910890341505, -34.710673229323326 ], [ -58.365493752418374, -34.710605956540491 ], [ -58.365567620711872, -34.710610031813104 ], [ -58.365615101756475, -34.710612953490291 ], [ -58.36561645486983, -34.710614327280567 ], [ -58.365697317700686, -34.710698355467606 ], [ -58.36600141051369, -34.711018853657052 ], [ -58.367197871030868, -34.710747561612536 ], [ -58.367343865677022, -34.709544583361129 ], [ -58.367508088088442, -34.708564713307617 ], [ -58.368176868984875, -34.7075756741189 ], [ -58.368286688177619, -34.707313060585882 ], [ -58.36850825464262, -34.706159337960216 ], [ -58.369121094306692, -34.705337046298077 ], [ -58.369113111037819, -34.704553083605887 ], [ -58.369236647261225, -34.703278631843787 ], [ -58.369236450269852, -34.703257138990196 ], [ -58.36920720013007, -34.70325775704076 ], [ -58.369041565845883, -34.703130190065913 ], [ -58.367621967372322, -34.703137020115705 ], [ -58.367313294614, -34.702121179260011 ], [ -58.366742993656231, -34.701314813846466 ], [ -58.366743131764636, -34.701256055948456 ], [ -58.366491748114591, -34.700109495185309 ], [ -58.365445615597245, -34.699669768012726 ], [ -58.365233106808866, -34.699876903452441 ], [ -58.365161944102169, -34.699942212226816 ], [ -58.365160451709428, -34.699943509748572 ] ] ] ] } },
{ "type": "Feature", "properties": { "ObjectID": 379, "FacilityID": 289, "Name": "Location 7 : 0 - 10", "FromBreak": 0.0, "ToBreak": 10.0, "OBJECTID_1": 0, "stroke": null, "stroke_wid": 0, "stroke_opa": 0, "fill": null, "fill_opaci": 0.0, "name_1": null, "adddress": null, "address": null, "centroides": 0, "centroid": null, "ORIG_FID": 0, "OBJECTID_2": 0, "stroke_1": null, "stroke_w_1": 0, "stroke_o_1": 0, "fill_1": null, "fill_opa_1": 0.0, "name_12": null, "adddress_1": null, "address_1": null, "area": 0, "centroid_1": null, "Shape_Leng": 0.0, "Shape_Area": 0.0 }, "geometry": { "type": "MultiPolygon", "coordinates": [ [ [ [ -58.364920504158256, -34.700031990885634 ], [ -58.364866169670123, -34.700048384676123 ], [ -58.364864339154217, -34.700048365522818 ], [ -58.364821849747926, -34.700033896409685 ], [ -58.363264114002376, -34.699952806018693 ], [ -58.363238531760132, -34.699961133085125 ], [ -58.36269573078463, -34.700390438979454 ], [ -58.362299639464474, -34.700753886413928 ], [ -58.362240598271647, -34.700781215320092 ], [ -58.361833912070786, -34.701149699222441 ], [ -58.361757847345018, -34.701215529527516 ], [ -58.361754993490884, -34.701217998640942 ], [ -58.361353128669926, -34.70154981474596 ], [ -58.361324599338104, -34.701596601971325 ], [ -58.36092766193309, -34.70192055966271 ], [ -58.359936569205232, -34.702737448121582 ], [ -58.359920504550701, -34.702774365052377 ], [ -58.359852908956505, -34.7028364384228 ], [ -58.359839911321743, -34.702838223927046 ], [ -58.359771408760068, -34.702900436267107 ], [ -58.359768516346669, -34.702902890442338 ], [ -58.359691264363434, -34.702967927834258 ], [ -58.359303509893195, -34.703280255137969 ], [ -58.359292481466646, -34.70334591623881 ], [ -58.358909369266193, -34.703634114887379 ], [ -58.358834826304417, -34.703696440951454 ], [ -58.358831086042073, -34.703697640885601 ], [ -58.358483808284603, -34.703958681440952 ], [ -58.358920654114797, -34.70490802687744 ], [ -58.35873672550219, -34.705217223415545 ], [ -58.35934979129626, -34.705777627760902 ], [ -58.359547554384584, -34.705870692381474 ], [ -58.359570204002402, -34.705854764471745 ], [ -58.359610521949776, -34.705880072053013 ], [ -58.360273739846498, -34.705754107915993 ], [ -58.360279003465699, -34.705757086652689 ], [ -58.36031289280308, -34.705819578331791 ], [ -58.360819298440823, -34.706092550608176 ], [ -58.360942295164641, -34.706159699049138 ], [ -58.360945772285866, -34.706161619713662 ], [ -58.361253881311946, -34.706319444713685 ], [ -58.361277943644929, -34.706347654496135 ], [ -58.361280752471487, -34.70634955377529 ], [ -58.361291090374998, -34.706369859853986 ], [ -58.361262728205496, -34.706421884654063 ], [ -58.360967464284691, -34.706668806654328 ], [ -58.359844216806991, -34.707524545529942 ], [ -58.359841479220499, -34.707565143458915 ], [ -58.359741296048334, -34.707640188405513 ], [ -58.359739825303556, -34.70764135492653 ], [ -58.359341298117521, -34.707933753284209 ], [ -58.359707156502978, -34.708929726277901 ], [ -58.361254327387307, -34.708988928699092 ], [ -58.362784534427739, -34.709614448543249 ], [ -58.363763370725579, -34.7096248179027 ], [ -58.364916326251773, -34.709941755095521 ], [ -58.364917004308225, -34.709942434316581 ], [ -58.366192568026918, -34.70977521119265 ], [ -58.366350970025444, -34.708652824607398 ], [ -58.366394814224257, -34.708327108330245 ], [ -58.3676982138822, -34.707523985966091 ], [ -58.368171315843306, -34.707570315848869 ], [ -58.368278314492613, -34.707314447147773 ], [ -58.368503385146255, -34.706165132365904 ], [ -58.369114458429976, -34.70533260697966 ], [ -58.369106565178356, -34.704557614272467 ], [ -58.369230268273469, -34.703273942675146 ], [ -58.369230158365113, -34.703261907465716 ], [ -58.368370388905667, -34.702541645654087 ], [ -58.368282969109522, -34.701347636306899 ], [ -58.367806745660914, -34.700326861132304 ], [ -58.367584557515634, -34.699204066689504 ], [ -58.367524905345576, -34.699200722572208 ], [ -58.366501033519079, -34.69920330655907 ], [ -58.365273405687716, -34.699843729746334 ], [ -58.365270548120989, -34.699846162928928 ], [ -58.365159256250024, -34.699942620003071 ], [ -58.364920504158256, -34.700031990885634 ] ] ] ] } },
{ "type": "Feature", "properties": { "ObjectID": 380, "FacilityID": 290, "Name": "Location 8 : 0 - 10", "FromBreak": 0.0, "ToBreak": 10.0, "OBJECTID_1": 0, "stroke": null, "stroke_wid": 0, "stroke_opa": 0, "fill": null, "fill_opaci": 0.0, "name_1": null, "adddress": null, "address": null, "centroides": 0, "centroid": null, "ORIG_FID": 0, "OBJECTID_2": 0, "stroke_1": null, "stroke_w_1": 0, "stroke_o_1": 0, "fill_1": null, "fill_opa_1": 0.0, "name_12": null, "adddress_1": null, "address_1": null, "area": 0, "centroid_1": null, "Shape_Leng": 0.0, "Shape_Area": 0.0 }, "geometry": { "type": "MultiPolygon", "coordinates": [ [ [ [ -58.416167112001716, -34.673127293190788 ], [ -58.416114002415739, -34.67316023121014 ], [ -58.416082446381942, -34.673152338923998 ], [ -58.416081719800573, -34.673152981003632 ], [ -58.41608173218038, -34.673156079646489 ], [ -58.416036323251923, -34.673171163767996 ], [ -58.41435786808475, -34.673564055709697 ], [ -58.41380113440254, -34.673649218624497 ], [ -58.412960414919851, -34.673609301721342 ], [ -58.412474088569965, -34.674173306424741 ], [ -58.412282550105587, -34.675102450238697 ], [ -58.412283539702763, -34.675102774068009 ], [ -58.412281108164549, -34.675118216864043 ], [ -58.412421632827368, -34.675204656013761 ], [ -58.412341236430336, -34.675276741719657 ], [ -58.412100010050338, -34.675523762397745 ], [ -58.411221830862203, -34.676909627986866 ], [ -58.410487553949473, -34.67687523540242 ], [ -58.410458774730444, -34.677469694705323 ], [ -58.410384735334134, -34.678114818054155 ], [ -58.410347214563885, -34.678774060834584 ], [ -58.410325874413921, -34.679601838817376 ], [ -58.410306047524109, -34.680030374954619 ], [ -58.410496857481249, -34.680920753144726 ], [ -58.410476420972266, -34.681200586115992 ], [ -58.411064362622191, -34.681436108994326 ], [ -58.411197486488071, -34.682359416899146 ], [ -58.411944090947536, -34.683602372236386 ], [ -58.413261521279729, -34.683867997135259 ], [ -58.414646617096757, -34.683583644615368 ], [ -58.415019746612288, -34.683533061650387 ], [ -58.416488367977301, -34.683226023370096 ], [ -58.416777668565416, -34.683161706858719 ], [ -58.417756159937994, -34.6835368528575 ], [ -58.417771154870856, -34.683533626496505 ], [ -58.418403876182509, -34.682811901097196 ], [ -58.418532385514013, -34.682750592884709 ], [ -58.419520250979048, -34.683122907976582 ], [ -58.419943665280179, -34.68266254194954 ], [ -58.420231614582271, -34.682478365759543 ], [ -58.420409262094886, -34.682438049999575 ], [ -58.421340683126175, -34.682811783303677 ], [ -58.422025774138518, -34.682001319859353 ], [ -58.422306061876228, -34.681942792799802 ], [ -58.422234366730606, -34.68171058561893 ], [ -58.422617019423555, -34.680672842149789 ], [ -58.422267190893862, -34.679599525865257 ], [ -58.422655468138203, -34.679287824400262 ], [ -58.422601221727909, -34.679113145778615 ], [ -58.423051834533041, -34.678289823994049 ], [ -58.422993477819837, -34.678159583238696 ], [ -58.422142814238384, -34.677672844100321 ], [ -58.422104060975876, -34.677599319426221 ], [ -58.421721942192342, -34.677113748247528 ], [ -58.421539043765712, -34.676917751615548 ], [ -58.421105168606495, -34.676399876169718 ], [ -58.419987727658665, -34.676675969155006 ], [ -58.420255333574787, -34.67695617958546 ], [ -58.420261005417991, -34.676963690995969 ], [ -58.420209827048176, -34.677004919478726 ], [ -58.420007677338091, -34.67703615727244 ], [ -58.419974488081955, -34.67701859842591 ], [ -58.41996971773834, -34.677017621978976 ], [ -58.419951434087309, -34.677007143388032 ], [ -58.419942573986553, -34.676994951531455 ], [ -58.419940047575686, -34.676992357185597 ], [ -58.41993737595881, -34.676991674456154 ], [ -58.419934893684619, -34.676988917356006 ], [ -58.419915416708655, -34.676968547913674 ], [ -58.419914967788714, -34.676965450755475 ], [ -58.419895482295239, -34.676945029131659 ], [ -58.419893020641823, -34.676942265481067 ], [ -58.419846733901878, -34.676890216451895 ], [ -58.419781230281473, -34.676813213432759 ], [ -58.419770908512291, -34.676807301953986 ], [ -58.41970578967863, -34.676730526051657 ], [ -58.419703338669379, -34.676727746048947 ], [ -58.41964795688034, -34.676664934610415 ], [ -58.419558325651053, -34.676566789620928 ], [ -58.419553238100619, -34.676553937280907 ], [ -58.419463364687658, -34.676455204664499 ], [ -58.419460724155847, -34.676452570175904 ], [ -58.419442678822755, -34.676443578633396 ], [ -58.419439536421052, -34.676440816592077 ], [ -58.419435609771078, -34.676431609237476 ], [ -58.419531776078045, -34.675859701908081 ], [ -58.419551230487464, -34.675870842931452 ], [ -58.419750093443035, -34.675479527324896 ], [ -58.419682119172755, -34.675265297964295 ], [ -58.419555251020434, -34.674516467937281 ], [ -58.419306028730084, -34.673659194488117 ], [ -58.418424215750527, -34.673728749784551 ], [ -58.417296926423177, -34.673392732081531 ], [ -58.416305677452279, -34.672940407558642 ], [ -58.416222056940413, -34.673062268861806 ], [ -58.416168404346074, -34.673125854968205 ], [ -58.416167112001716, -34.673127293190788 ] ] ] ] } },
{ "type": "Feature", "properties": { "ObjectID": 381, "FacilityID": 291, "Name": "Location 9 : 0 - 10", "FromBreak": 0.0, "ToBreak": 10.0, "OBJECTID_1": 0, "stroke": null, "stroke_wid": 0, "stroke_opa": 0, "fill": null, "fill_opaci": 0.0, "name_1": null, "adddress": null, "address": null, "centroides": 0, "centroid": null, "ORIG_FID": 0, "OBJECTID_2": 0, "stroke_1": null, "stroke_w_1": 0, "stroke_o_1": 0, "fill_1": null, "fill_opa_1": 0.0, "name_12": null, "adddress_1": null, "address_1": null, "area": 0, "centroid_1": null, "Shape_Leng": 0.0, "Shape_Area": 0.0 }, "geometry": { "type": "MultiPolygon", "coordinates": [ [ [ [ -58.418070816468912, -34.690024865651644 ], [ -58.417307696216362, -34.690086416908663 ], [ -58.416348873225068, -34.690128520673703 ], [ -58.414842022313664, -34.690246707371031 ], [ -58.414727499385791, -34.690239930454283 ], [ -58.413418951084722, -34.690357862994787 ], [ -58.412923054305601, -34.691335855700814 ], [ -58.412906595114087, -34.691885895111774 ], [ -58.413088817865287, -34.692471747876375 ], [ -58.41304332129755, -34.693534317413167 ], [ -58.412986924877316, -34.693790401598541 ], [ -58.412787482624296, -34.695021842101134 ], [ -58.412961473565247, -34.695285012537468 ], [ -58.412836000994801, -34.696367260279956 ], [ -58.412927716298483, -34.696620732731262 ], [ -58.412802889481938, -34.697639383846365 ], [ -58.413697440903775, -34.698568570701681 ], [ -58.414641933632993, -34.699031258507148 ], [ -58.415849261098998, -34.699543808231212 ], [ -58.416681186293076, -34.699388391903398 ], [ -58.418204743562505, -34.699482044732193 ], [ -58.419285636855491, -34.699261724382438 ], [ -58.41994641416899, -34.699259686602652 ], [ -58.420598495230266, -34.699150301803037 ], [ -58.421781669363085, -34.699008723795394 ], [ -58.422782732322361, -34.699371509843616 ], [ -58.423477363401453, -34.698680321953127 ], [ -58.424181077751811, -34.698606103917129 ], [ -58.424857874311748, -34.697983298729561 ], [ -58.424783655735723, -34.697356932347425 ], [ -58.4246610508945, -34.696723732597121 ], [ -58.42487035191246, -34.696469125577558 ], [ -58.424826759710236, -34.695232299787513 ], [ -58.424808423668921, -34.695172309874962 ], [ -58.424781149273258, -34.693901041548479 ], [ -58.424595550105536, -34.693263891888783 ], [ -58.424329753372682, -34.69227292382832 ], [ -58.424173613670284, -34.69163224271572 ], [ -58.423965693421941, -34.690857323768554 ], [ -58.423722328053074, -34.690078385718607 ], [ -58.422743053882243, -34.689383400839326 ], [ -58.42149894868178, -34.689647451035896 ], [ -58.420944583256741, -34.689794239549805 ], [ -58.419302767411082, -34.689912555221035 ], [ -58.418070816468912, -34.690024865651644 ] ], [ [ -58.419437446280362, -34.692026170977563 ], [ -58.419389564867558, -34.692036845274188 ], [ -58.419340549776145, -34.692019085848564 ], [ -58.418955581235167, -34.691769383211685 ], [ -58.418951383186034, -34.691766438776881 ], [ -58.418886760394727, -34.691680397602589 ], [ -58.418892426373915, -34.691675299494065 ], [ -58.419146359461912, -34.691426150946533 ], [ -58.419151086887432, -34.691360514132953 ], [ -58.41950402889843, -34.69108747833522 ], [ -58.419505481096316, -34.691086186935863 ], [ -58.419582469966855, -34.691019504586812 ], [ -58.419624993525161, -34.691016218660678 ], [ -58.419846124397807, -34.69004269763176 ], [ -58.419667354053352, -34.691013354639473 ], [ -58.420004769791831, -34.691140916447551 ], [ -58.420006557921901, -34.69114172393293 ], [ -58.42007595733871, -34.691170440071595 ], [ -58.420080503299985, -34.691204802616241 ], [ -58.42005818778069, -34.691219757982303 ], [ -58.420001743780809, -34.69142232743495 ], [ -58.419939355500254, -34.69148785475145 ], [ -58.419936746511965, -34.691490546784337 ], [ -58.41970196590777, -34.691734146037206 ], [ -58.419668170714289, -34.691753849897786 ], [ -58.419442095786437, -34.692021234305614 ], [ -58.419437446280362, -34.692026170977563 ] ] ] ] } },
{ "type": "Feature", "properties": { "ObjectID": 382, "FacilityID": 292, "Name": "Location 10 : 0 - 10", "FromBreak": 0.0, "ToBreak": 10.0, "OBJECTID_1": 0, "stroke": null, "stroke_wid": 0, "stroke_opa": 0, "fill": null, "fill_opaci": 0.0, "name_1": null, "adddress": null, "address": null, "centroides": 0, "centroid": null, "ORIG_FID": 0, "OBJECTID_2": 0, "stroke_1": null, "stroke_w_1": 0, "stroke_o_1": 0, "fill_1": null, "fill_opa_1": 0.0, "name_12": null, "adddress_1": null, "address_1": null, "area": 0, "centroid_1": null, "Shape_Leng": 0.0, "Shape_Area": 0.0 }, "geometry": { "type": "MultiPolygon", "coordinates": [ [ [ [ -58.417576828947929, -34.69401058766325 ], [ -58.417064779962537, -34.694128210541983 ], [ -58.416266276618089, -34.694069185137657 ], [ -58.416034768826329, -34.694053183970105 ], [ -58.414957910441878, -34.694381281338046 ], [ -58.413742429006682, -34.694610474773889 ], [ -58.413436122145391, -34.695773004422442 ], [ -58.413414151461858, -34.695962529848849 ], [ -58.413319059609869, -34.697017378341357 ], [ -58.4132825235233, -34.697315541559043 ], [ -58.413250547927035, -34.698435398974844 ], [ -58.41316777332694, -34.698904455377956 ], [ -58.414010996571413, -34.699842766844966 ], [ -58.414183408016498, -34.700519752566592 ], [ -58.414366239010135, -34.701284557989453 ], [ -58.414730829973003, -34.702228040505332 ], [ -58.414969577137008, -34.70335385409934 ], [ -58.416101964911519, -34.703726070850422 ], [ -58.41712554797116, -34.703585498007776 ], [ -58.418054126486595, -34.7035045430518 ], [ -58.419211522384821, -34.703310013522774 ], [ -58.419682031488605, -34.703241829878067 ], [ -58.421156650725301, -34.703031503641341 ], [ -58.421239737303353, -34.702968365248033 ], [ -58.422707300746083, -34.702668244639455 ], [ -58.422619013566177, -34.703098353275237 ], [ -58.42263489823457, -34.703096988854988 ], [ -58.422647412416026, -34.703099687322577 ], [ -58.422660462425817, -34.703107291775211 ], [ -58.422838069203337, -34.702696445171767 ], [ -58.423278421550492, -34.702637586135872 ], [ -58.424096599207118, -34.702639268560731 ], [ -58.424734267944324, -34.702353089095709 ], [ -58.425187932786592, -34.702270553648809 ], [ -58.425977256556543, -34.701285821427476 ], [ -58.425865441832123, -34.700872544914873 ], [ -58.426218076037401, -34.700009855755361 ], [ -58.42621451677924, -34.70000709879281 ], [ -58.426206228095033, -34.700000680110826 ], [ -58.425375448949985, -34.699357299041282 ], [ -58.425560601715404, -34.699250163142693 ], [ -58.425329359317573, -34.698755497026987 ], [ -58.425318393757657, -34.698374712727585 ], [ -58.425258056690936, -34.698249408197015 ], [ -58.425113776180737, -34.697031794492865 ], [ -58.424804806728808, -34.696436932235123 ], [ -58.424531768446279, -34.695559625612319 ], [ -58.424333311760741, -34.694995776192791 ], [ -58.424023428988619, -34.694039326670996 ], [ -58.422881145932905, -34.693427662460195 ], [ -58.421726962931054, -34.693628145607683 ], [ -58.420494592003166, -34.693762298257127 ], [ -58.420349217708186, -34.693777013546075 ], [ -58.41939530431943, -34.693877347489902 ], [ -58.418701990541969, -34.693912726743207 ], [ -58.418157872105667, -34.693975055972565 ], [ -58.417576828947929, -34.69401058766325 ] ] ] ] } },
{ "type": "Feature", "properties": { "ObjectID": 383, "FacilityID": 293, "Name": "Location 11 : 0 - 10", "FromBreak": 0.0, "ToBreak": 10.0, "OBJECTID_1": 0, "stroke": null, "stroke_wid": 0, "stroke_opa": 0, "fill": null, "fill_opaci": 0.0, "name_1": null, "adddress": null, "address": null, "centroides": 0, "centroid": null, "ORIG_FID": 0, "OBJECTID_2": 0, "stroke_1": null, "stroke_w_1": 0, "stroke_o_1": 0, "fill_1": null, "fill_opa_1": 0.0, "name_12": null, "adddress_1": null, "address_1": null, "area": 0, "centroid_1": null, "Shape_Leng": 0.0, "Shape_Area": 0.0 }, "geometry": { "type": "MultiPolygon", "coordinates": [ [ [ [ -58.38918592440055, -34.694466807350175 ], [ -58.388285211815152, -34.695126103496477 ], [ -58.387601501940701, -34.695465013113399 ], [ -58.387489889039713, -34.695850920666615 ], [ -58.38755940591134, -34.696250683140967 ], [ -58.387168966233737, -34.696905127266824 ], [ -58.38714757264912, -34.697507714789161 ], [ -58.386961493826163, -34.697867632305808 ], [ -58.386698416572493, -34.698003953898656 ], [ -58.386710318033877, -34.698210220476874 ], [ -58.386099663499877, -34.698788193253783 ], [ -58.38662489115714, -34.699497051904522 ], [ -58.386630792487949, -34.699830993149561 ], [ -58.386404310637957, -34.700784419656344 ], [ -58.386413268587674, -34.701521152175779 ], [ -58.38640989011818, -34.702076757683052 ], [ -58.386418930561881, -34.703044862456998 ], [ -58.387619728606801, -34.703033837512102 ], [ -58.388676021676119, -34.703484071267695 ], [ -58.388965949143454, -34.703544947571658 ], [ -58.389567731931749, -34.703939399712375 ], [ -58.390466376866698, -34.704714698551768 ], [ -58.391277455295821, -34.705411317141973 ], [ -58.391750701413137, -34.705821924802123 ], [ -58.391988969806633, -34.705637575085134 ], [ -58.393146095302015, -34.704769125441771 ], [ -58.393190262371448, -34.704716063666751 ], [ -58.393195574909548, -34.704712000998242 ], [ -58.39324988738958, -34.704675455480213 ], [ -58.394281508071508, -34.704622499755189 ], [ -58.39453726287018, -34.703693491021106 ], [ -58.394741586726681, -34.703536270691231 ], [ -58.395901687187916, -34.702632334362818 ], [ -58.39607408374674, -34.702500559919123 ], [ -58.397240619502853, -34.701586168380899 ], [ -58.397388385660427, -34.701472276696919 ], [ -58.398580843929906, -34.701329961417066 ], [ -58.398700282912252, -34.700433376820257 ], [ -58.398615495290137, -34.699534108886589 ], [ -58.39745901139618, -34.699257203629038 ], [ -58.397322005878493, -34.699134203504521 ], [ -58.396694045623249, -34.697606981061206 ], [ -58.396609841412157, -34.697433295797509 ], [ -58.397312861732068, -34.696761423347944 ], [ -58.396626259716584, -34.696102135476508 ], [ -58.39658691006975, -34.695820083314644 ], [ -58.397252610062594, -34.695112400846988 ], [ -58.396588250141328, -34.694475741325185 ], [ -58.395726304978695, -34.694487006579337 ], [ -58.394587154544823, -34.694490991374842 ], [ -58.394117325848995, -34.694496439888312 ], [ -58.392886002989449, -34.694251098780967 ], [ -58.391636840860272, -34.693900308849813 ], [ -58.391347830300987, -34.693807214249595 ], [ -58.390033085261557, -34.693269064158685 ], [ -58.389925826753959, -34.693227322851726 ], [ -58.389332133890271, -34.694284460566081 ], [ -58.38918592440055, -34.694466807350175 ] ] ] ] } },
{ "type": "Feature", "properties": { "ObjectID": 384, "FacilityID": 294, "Name": "Location 12 : 0 - 10", "FromBreak": 0.0, "ToBreak": 10.0, "OBJECTID_1": 0, "stroke": null, "stroke_wid": 0, "stroke_opa": 0, "fill": null, "fill_opaci": 0.0, "name_1": null, "adddress": null, "address": null, "centroides": 0, "centroid": null, "ORIG_FID": 0, "OBJECTID_2": 0, "stroke_1": null, "stroke_w_1": 0, "stroke_o_1": 0, "fill_1": null, "fill_opa_1": 0.0, "name_12": null, "adddress_1": null, "address_1": null, "area": 0, "centroid_1": null, "Shape_Leng": 0.0, "Shape_Area": 0.0 }, "geometry": { "type": "MultiPolygon", "coordinates": [ [ [ [ -58.356550100009038, -34.71030976121456 ], [ -58.356549835842927, -34.710311430728183 ], [ -58.356503892407666, -34.710311205018201 ], [ -58.35645344019801, -34.710326364841229 ], [ -58.356450166270406, -34.710323323228856 ], [ -58.356044082185868, -34.71019618487049 ], [ -58.355237920315957, -34.710700403463065 ], [ -58.355003427072688, -34.710686781491191 ], [ -58.354518875708749, -34.711155354553476 ], [ -58.353725481399692, -34.711078328329698 ], [ -58.353419969211757, -34.711071433187641 ], [ -58.352178728860927, -34.711187684282905 ], [ -58.351618480343312, -34.71120178907595 ], [ -58.351618578498517, -34.711220299656432 ], [ -58.350997830990579, -34.711297636456308 ], [ -58.350071318344796, -34.711382333042486 ], [ -58.349851896999247, -34.71241017758733 ], [ -58.350460431908758, -34.71316300823328 ], [ -58.350446522198091, -34.713736962792993 ], [ -58.350395305641527, -34.714596197587369 ], [ -58.350387569984711, -34.714953459820968 ], [ -58.350409930773118, -34.71612141055585 ], [ -58.350185563125045, -34.716332712159243 ], [ -58.350189584890472, -34.716333275083571 ], [ -58.350191091721548, -34.716337466724283 ], [ -58.350455859851138, -34.716160901824892 ], [ -58.350573882345415, -34.71626293254328 ], [ -58.350724669958915, -34.716797904013312 ], [ -58.350492740993587, -34.717396344770663 ], [ -58.350431016921171, -34.717423642833097 ], [ -58.349771875317394, -34.717311682525455 ], [ -58.349768058178213, -34.717324384999536 ], [ -58.349742288696575, -34.71735780638565 ], [ -58.35041220134385, -34.717633240967089 ], [ -58.350320669191149, -34.71890957494368 ], [ -58.350298550946995, -34.719351731926018 ], [ -58.350555146020895, -34.720599618595543 ], [ -58.351421744498928, -34.721388771182824 ], [ -58.35254921482948, -34.72196671400318 ], [ -58.353465473455827, -34.722435869371736 ], [ -58.353847354005765, -34.722465022624924 ], [ -58.355676563392002, -34.722090514914534 ], [ -58.356445764293419, -34.721818197275361 ], [ -58.357440529633877, -34.721836234869258 ], [ -58.358605444512975, -34.721576202061556 ], [ -58.358722422341557, -34.721579006447548 ], [ -58.358918755395543, -34.721327101355826 ], [ -58.359992093413247, -34.721341558285026 ], [ -58.361119540604378, -34.721083815412953 ], [ -58.361293091272259, -34.721087066760177 ], [ -58.36130059060558, -34.720947081359455 ], [ -58.36202022539964, -34.720194043841104 ], [ -58.361382446527614, -34.719461428107429 ], [ -58.361413832355382, -34.718679731556911 ], [ -58.36147052399722, -34.718000104102018 ], [ -58.361526432126617, -34.716867813065086 ], [ -58.361556437717489, -34.716517725293521 ], [ -58.361611163974239, -34.715153490277146 ], [ -58.361587623755156, -34.715025723175671 ], [ -58.362334334998081, -34.71438179335707 ], [ -58.36233800149995, -34.714335340778391 ], [ -58.361698861321159, -34.713616808794981 ], [ -58.361126184183398, -34.712671048345726 ], [ -58.36114105345397, -34.71237418761541 ], [ -58.360350021802596, -34.711515133096555 ], [ -58.359898569044816, -34.711490234684128 ], [ -58.359151565745293, -34.71100531294168 ], [ -58.357889480544863, -34.710455833563415 ], [ -58.356793330392613, -34.710067926940248 ], [ -58.356550100009038, -34.71030976121456 ] ] ] ] } },
{ "type": "Feature", "properties": { "ObjectID": 385, "FacilityID": 295, "Name": "Location 13 : 0 - 10", "FromBreak": 0.0, "ToBreak": 10.0, "OBJECTID_1": 0, "stroke": null, "stroke_wid": 0, "stroke_opa": 0, "fill": null, "fill_opaci": 0.0, "name_1": null, "adddress": null, "address": null, "centroides": 0, "centroid": null, "ORIG_FID": 0, "OBJECTID_2": 0, "stroke_1": null, "stroke_w_1": 0, "stroke_o_1": 0, "fill_1": null, "fill_opa_1": 0.0, "name_12": null, "adddress_1": null, "address_1": null, "area": 0, "centroid_1": null, "Shape_Leng": 0.0, "Shape_Area": 0.0 }, "geometry": { "type": "MultiPolygon", "coordinates": [ [ [ [ -58.336071886961982, -34.727770302387853 ], [ -58.337174947421531, -34.727815549341884 ], [ -58.337791469834869, -34.727805235132969 ], [ -58.338307272482552, -34.72783315872914 ], [ -58.338967563826479, -34.728684247384919 ], [ -58.339257353787559, -34.728700748226885 ], [ -58.340036171574781, -34.728896964702756 ], [ -58.340553254542442, -34.728868973627421 ], [ -58.341725088518743, -34.728918987008647 ], [ -58.341733406551938, -34.728919465019857 ], [ -58.342949654181375, -34.728976799109425 ], [ -58.343543601223736, -34.72900425155067 ], [ -58.344184930995873, -34.729035806523122 ], [ -58.344284356184708, -34.728580610703773 ], [ -58.344236706909449, -34.728035986019172 ], [ -58.345425135749657, -34.727350962971997 ], [ -58.346313048845609, -34.726706915652642 ], [ -58.346445862036582, -34.725490711465092 ], [ -58.346911024070359, -34.724963637137641 ], [ -58.347080846706241, -34.724748660676681 ], [ -58.347079258818802, -34.724747211764047 ], [ -58.347042958532533, -34.724667762046963 ], [ -58.347088630612198, -34.724611204642727 ], [ -58.347065614953259, -34.724580535240804 ], [ -58.347067095036692, -34.724579376878914 ], [ -58.34700362011543, -34.724395717742077 ], [ -58.346517561367079, -34.723763992352616 ], [ -58.346524866864776, -34.722698544489134 ], [ -58.346537745830268, -34.722272323186317 ], [ -58.345461100341268, -34.721477607872032 ], [ -58.345130894836693, -34.720536616707285 ], [ -58.344167442871601, -34.720117028695597 ], [ -58.343614109519677, -34.720115060189258 ], [ -58.342729899304572, -34.720065171420515 ], [ -58.341905452041203, -34.720037584840306 ], [ -58.341136364609703, -34.719415973084516 ], [ -58.340175589490187, -34.719951122425556 ], [ -58.339688787839904, -34.720425253209207 ], [ -58.339611142979912, -34.720441041407987 ], [ -58.339283149680881, -34.720753491507253 ], [ -58.339245261434598, -34.720763987741854 ], [ -58.337923482396867, -34.721941865357053 ], [ -58.337795476998402, -34.722012131702549 ], [ -58.337594647532981, -34.722796487497618 ], [ -58.337590412793006, -34.722821549727591 ], [ -58.337561519293168, -34.722860684925095 ], [ -58.337558143294771, -34.722863426911786 ], [ -58.337511983579091, -34.722869660887469 ], [ -58.336086143546716, -34.723525701726167 ], [ -58.336068321380949, -34.723591739944347 ], [ -58.33555837960526, -34.723951358085657 ], [ -58.334809247404294, -34.724563770011876 ], [ -58.334817131088215, -34.72459817150505 ], [ -58.334234685543471, -34.725160927262507 ], [ -58.334554919632531, -34.72552205874409 ], [ -58.334832630328883, -34.726750439252442 ], [ -58.33484319233294, -34.727354200675457 ], [ -58.33605203455312, -34.727769931585946 ], [ -58.336071886961982, -34.727770302387853 ] ] ] ] } },
{ "type": "Feature", "properties": { "ObjectID": 386, "FacilityID": 296, "Name": "Location 14 : 0 - 10", "FromBreak": 0.0, "ToBreak": 10.0, "OBJECTID_1": 0, "stroke": null, "stroke_wid": 0, "stroke_opa": 0, "fill": null, "fill_opaci": 0.0, "name_1": null, "adddress": null, "address": null, "centroides": 0, "centroid": null, "ORIG_FID": 0, "OBJECTID_2": 0, "stroke_1": null, "stroke_w_1": 0, "stroke_o_1": 0, "fill_1": null, "fill_opa_1": 0.0, "name_12": null, "adddress_1": null, "address_1": null, "area": 0, "centroid_1": null, "Shape_Leng": 0.0, "Shape_Area": 0.0 }, "geometry": { "type": "MultiPolygon", "coordinates": [ [ [ [ -58.353991561686719, -34.721069963707038 ], [ -58.35341510488967, -34.721283726048362 ], [ -58.352954053404154, -34.721270103786559 ], [ -58.351336544594851, -34.72145552928307 ], [ -58.351235431817592, -34.721453394465073 ], [ -58.350615613152492, -34.721576373398534 ], [ -58.350101360636224, -34.721727671774332 ], [ -58.349868646627272, -34.721765278673239 ], [ -58.349226962247073, -34.721843915508224 ], [ -58.348814932269278, -34.721773613781693 ], [ -58.347660173263051, -34.722213940778545 ], [ -58.347875912466804, -34.722607433228056 ], [ -58.34709248465839, -34.723355619478028 ], [ -58.347058204089059, -34.723385757120752 ], [ -58.347024528861702, -34.723475081524022 ], [ -58.347023290487556, -34.723478352648797 ], [ -58.347000230470009, -34.723533688331912 ], [ -58.347003246699316, -34.72354081879768 ], [ -58.346980047806106, -34.723595805392748 ], [ -58.346978829382032, -34.723599095224507 ], [ -58.346951698829962, -34.723672690117702 ], [ -58.346907282752383, -34.723807257766509 ], [ -58.346892650864625, -34.723818953065326 ], [ -58.346846960273268, -34.723954574926751 ], [ -58.34682554815425, -34.724011037051113 ], [ -58.346824298835536, -34.724014307393453 ], [ -58.346811849072324, -34.724041746531974 ], [ -58.346813857367842, -34.724045491911539 ], [ -58.346801350104307, -34.724072819017692 ], [ -58.346798830049678, -34.724077231883633 ], [ -58.346754778221246, -34.724191948922012 ], [ -58.3466625018646, -34.724416539333696 ], [ -58.346669980668544, -34.724444791956145 ], [ -58.346665533410764, -34.724450393357252 ], [ -58.346521856038294, -34.724763988357878 ], [ -58.346510983654674, -34.724755150170353 ], [ -58.346183488515457, -34.725263829433182 ], [ -58.346169249951267, -34.725501197765155 ], [ -58.346146732798907, -34.726569705711448 ], [ -58.345468179283898, -34.727232427790163 ], [ -58.345559224185614, -34.727485176946047 ], [ -58.346566156672999, -34.727734044456376 ], [ -58.346525255848547, -34.727894343143312 ], [ -58.345379871479992, -34.727904491201109 ], [ -58.346156537599491, -34.728568126782683 ], [ -58.346066672035441, -34.729377073741588 ], [ -58.346100764388261, -34.729582121262958 ], [ -58.346291372557552, -34.73108454444538 ], [ -58.346056921753217, -34.731296719762256 ], [ -58.346062149839199, -34.731298311424567 ], [ -58.346066053835344, -34.731301734812902 ], [ -58.346067664630731, -34.731306138060269 ], [ -58.34633828351307, -34.73112567208458 ], [ -58.347431442550921, -34.731718158966451 ], [ -58.348587151502379, -34.732297497553787 ], [ -58.349113511941951, -34.732571144003522 ], [ -58.350441263202462, -34.731997265919532 ], [ -58.350570098640006, -34.73197339676441 ], [ -58.351427437460544, -34.731715523718002 ], [ -58.351869573581354, -34.731726903963121 ], [ -58.353216334920198, -34.731459313447928 ], [ -58.354187258082213, -34.731205585061204 ], [ -58.354503768020933, -34.731213241959367 ], [ -58.355819990445696, -34.730943760492501 ], [ -58.356361350152028, -34.730033881135235 ], [ -58.356381513145294, -34.729519015449064 ], [ -58.356463719544195, -34.728704224739815 ], [ -58.356542297784657, -34.727793616473519 ], [ -58.356549348288105, -34.727358470966884 ], [ -58.3566064423771, -34.726177677021852 ], [ -58.356607962843555, -34.726127350285203 ], [ -58.357071601688496, -34.725000244418098 ], [ -58.357096845338027, -34.724938235241815 ], [ -58.35666772515102, -34.724183696865111 ], [ -58.356048814183914, -34.723623474211408 ], [ -58.355052650832107, -34.722918892114564 ], [ -58.35448557008452, -34.722594245277236 ], [ -58.354507266987213, -34.721890498971099 ], [ -58.354104361353926, -34.721698117052711 ], [ -58.353991561686719, -34.721069963707038 ] ] ] ] } },
{ "type": "Feature", "properties": { "ObjectID": 387, "FacilityID": 297, "Name": "Location 15 : 0 - 10", "FromBreak": 0.0, "ToBreak": 10.0, "OBJECTID_1": 0, "stroke": null, "stroke_wid": 0, "stroke_opa": 0, "fill": null, "fill_opaci": 0.0, "name_1": null, "adddress": null, "address": null, "centroides": 0, "centroid": null, "ORIG_FID": 0, "OBJECTID_2": 0, "stroke_1": null, "stroke_w_1": 0, "stroke_o_1": 0, "fill_1": null, "fill_opa_1": 0.0, "name_12": null, "adddress_1": null, "address_1": null, "area": 0, "centroid_1": null, "Shape_Leng": 0.0, "Shape_Area": 0.0 }, "geometry": { "type": "MultiPolygon", "coordinates": [ [ [ [ -58.347697880918162, -34.737696350977487 ], [ -58.347227310732492, -34.737861581439297 ], [ -58.346891974999643, -34.737846989090322 ], [ -58.346876534703121, -34.738124545509621 ], [ -58.346115825144672, -34.738757894852569 ], [ -58.346070399239991, -34.738786712385867 ], [ -58.346340902387524, -34.740048906977727 ], [ -58.346342495360538, -34.740054891350368 ], [ -58.346356153265013, -34.740066841663989 ], [ -58.346371115926416, -34.74007993306104 ], [ -58.346389155517791, -34.740095716071792 ], [ -58.346408852115374, -34.740112949934101 ], [ -58.346431273432955, -34.74013256744017 ], [ -58.34645555111743, -34.740153809351462 ], [ -58.346460043394593, -34.740166678503741 ], [ -58.346483520511825, -34.740187367729639 ], [ -58.346484521597212, -34.740190587042186 ], [ -58.346510368829598, -34.740213406047673 ], [ -58.34651107386145, -34.740215606520628 ], [ -58.346544055637374, -34.740244759623046 ], [ -58.346576966530051, -34.740273849505215 ], [ -58.346577744624845, -34.740276111361865 ], [ -58.346580937277885, -34.740278935991547 ], [ -58.346581924906182, -34.74028179672105 ], [ -58.346625630551962, -34.740320528671781 ], [ -58.346669216595586, -34.74035915466996 ], [ -58.346670326025155, -34.740362119507807 ], [ -58.346729281964123, -34.740416717506939 ], [ -58.346732046707402, -34.740419279168471 ], [ -58.346733089078946, -34.740421274010515 ], [ -58.346734576223184, -34.74042046619293 ], [ -58.3467355958594, -34.740422473003697 ], [ -58.34754056451996, -34.740694130013978 ], [ -58.348004232065513, -34.740699781006882 ], [ -58.348055200814535, -34.740715999635874 ], [ -58.348527700741435, -34.740724133180137 ], [ -58.348531834646451, -34.740724267668966 ], [ -58.348649710119133, -34.74072757621073 ], [ -58.349179526578503, -34.740739589926896 ], [ -58.349235483664046, -34.74075367972452 ], [ -58.349772682270881, -34.740767484739386 ], [ -58.349889188837132, -34.74077114344972 ], [ -58.349893352323534, -34.740771283873663 ], [ -58.350072605879575, -34.74077516169622 ], [ -58.350091164798251, -34.740779592401942 ], [ -58.350271204211417, -34.740783651400562 ], [ -58.350368697423548, -34.740786757042152 ], [ -58.350372847678649, -34.740786889484362 ], [ -58.350516442060957, -34.740792902544278 ], [ -58.350531547090156, -34.740790205885169 ], [ -58.350674611191778, -34.740796308463203 ], [ -58.350678773456174, -34.740796440761784 ], [ -58.350787040453376, -34.740799751050652 ], [ -58.351245033825819, -34.740809949379269 ], [ -58.351292980858261, -34.740819661900382 ], [ -58.351755291243492, -34.74083070272296 ], [ -58.351759432885302, -34.740830842424145 ], [ -58.351878025395081, -34.740834853732444 ], [ -58.352399045107511, -34.740857436283918 ], [ -58.352454130837003, -34.740850116790455 ], [ -58.352969550986131, -34.740873402637206 ], [ -58.352973725381581, -34.740873541933112 ], [ -58.353135060967965, -34.740879544969125 ], [ -58.353219578448993, -34.740866724439392 ], [ -58.354418676146523, -34.740919194686249 ], [ -58.355659030002002, -34.740973457976203 ], [ -58.355702401190001, -34.740958290630125 ], [ -58.355840183867329, -34.740963494117018 ], [ -58.355844350479643, -34.740963624387689 ], [ -58.35585638342986, -34.740969588830978 ], [ -58.355913837949437, -34.740974208395535 ], [ -58.355989332854968, -34.741049795385464 ], [ -58.356320806217099, -34.741238323054738 ], [ -58.35632257942175, -34.741239256013678 ], [ -58.356430335316745, -34.741296621687106 ], [ -58.356432077396462, -34.741297520740474 ], [ -58.356805774055758, -34.741505995521358 ], [ -58.356886642967027, -34.741488867773015 ], [ -58.357225053667243, -34.741704162710391 ], [ -58.357279089697592, -34.741734863725085 ], [ -58.357280819668787, -34.741735755690314 ], [ -58.357506668802046, -34.741878700646076 ], [ -58.358366371207929, -34.74123519064387 ], [ -58.358300495331889, -34.740630474299124 ], [ -58.358175197589176, -34.739570539165022 ], [ -58.358020744488762, -34.738553453698792 ], [ -58.358037512189, -34.738241193735824 ], [ -58.357919385932206, -34.737001214127552 ], [ -58.357853886618066, -34.736917546326886 ], [ -58.35785437053525, -34.736907683952751 ], [ -58.357772673415958, -34.736845741271999 ], [ -58.357772568172358, -34.736846115597267 ], [ -58.357743697548962, -34.736868327252267 ], [ -58.357740565635041, -34.736872500189918 ], [ -58.35756241171827, -34.736858313656938 ], [ -58.356626681908224, -34.736590457092753 ], [ -58.356253080739641, -34.736906554459004 ], [ -58.356250076109845, -34.736908833141776 ], [ -58.356143574907392, -34.736993436656881 ], [ -58.356095576161309, -34.736994354217771 ], [ -58.35504611211811, -34.737810855388247 ], [ -58.354615718293921, -34.738207806501222 ], [ -58.354514919138772, -34.738247146025735 ], [ -58.354496346409604, -34.738234623070419 ], [ -58.354492533914687, -34.738232632967907 ], [ -58.354465966680237, -34.738210347352243 ], [ -58.354165566222278, -34.738056663193753 ], [ -58.354162056713683, -34.738054839162203 ], [ -58.354059280465677, -34.738001715374494 ], [ -58.353731638381397, -34.737836567005161 ], [ -58.353701622419145, -34.737813350620101 ], [ -58.353371803776881, -34.737646542664123 ], [ -58.353272964989991, -34.737595782802693 ], [ -58.353269441563619, -34.737593973320791 ], [ -58.353236207325047, -34.737583362578 ], [ -58.353232253522648, -34.737581340655936 ], [ -58.353195199105429, -34.737540943617198 ], [ -58.353235189809119, -34.737479445613964 ], [ -58.353319632697527, -34.737366515656845 ], [ -58.353410744810937, -34.737297333463395 ], [ -58.353413769541305, -34.737295009559681 ], [ -58.353778520353771, -34.737024728490674 ], [ -58.353802054301433, -34.736981847317331 ], [ -58.354162122438417, -34.736719770636114 ], [ -58.354165205604644, -34.736717417221598 ], [ -58.354253550165573, -34.736651214344647 ], [ -58.354649108204235, -34.736366224469599 ], [ -58.354664507109781, -34.736304798550151 ], [ -58.355054169095069, -34.736041183194644 ], [ -58.355055733924324, -34.736039994049619 ], [ -58.355122614394496, -34.735991608984776 ], [ -58.35549237709759, -34.735736414904906 ], [ -58.35511552724877, -34.734764788870649 ], [ -58.353663531475469, -34.734722371523056 ], [ -58.353332351502921, -34.734710618624469 ], [ -58.351948956606016, -34.734655987743452 ], [ -58.351534804191886, -34.73464278679598 ], [ -58.350297544791346, -34.734609570511104 ], [ -58.349861022537731, -34.734518824016355 ], [ -58.349563130759343, -34.734366727249125 ], [ -58.348556587572517, -34.7341906192636 ], [ -58.348201735712877, -34.735062695565468 ], [ -58.34778956237669, -34.735319050977694 ], [ -58.348084153225933, -34.735980361488124 ], [ -58.348274765974587, -34.736091796971891 ], [ -58.347481242808669, -34.736783179945519 ], [ -58.347429429219829, -34.736824049190844 ], [ -58.347697880918162, -34.737696350977487 ] ] ] ] } },
{ "type": "Feature", "properties": { "ObjectID": 388, "FacilityID": 298, "Name": "Location 16 : 0 - 10", "FromBreak": 0.0, "ToBreak": 10.0, "OBJECTID_1": 0, "stroke": null, "stroke_wid": 0, "stroke_opa": 0, "fill": null, "fill_opaci": 0.0, "name_1": null, "adddress": null, "address": null, "centroides": 0, "centroid": null, "ORIG_FID": 0, "OBJECTID_2": 0, "stroke_1": null, "stroke_w_1": 0, "stroke_o_1": 0, "fill_1": null, "fill_opa_1": 0.0, "name_12": null, "adddress_1": null, "address_1": null, "area": 0, "centroid_1": null, "Shape_Leng": 0.0, "Shape_Area": 0.0 }, "geometry": { "type": "MultiPolygon", "coordinates": [ [ [ [ -58.383996487079742, -34.731367678528443 ], [ -58.383170756795884, -34.73162758122416 ], [ -58.381864087844882, -34.731536825887126 ], [ -58.380962812099114, -34.731492126975795 ], [ -58.380274411133151, -34.731440697046821 ], [ -58.380120279860691, -34.732722575934062 ], [ -58.37938949637114, -34.733193859666116 ], [ -58.378787312095319, -34.732732074914104 ], [ -58.378561002974521, -34.732583431314218 ], [ -58.378549413131488, -34.73259095521874 ], [ -58.378671021512943, -34.732807570034716 ], [ -58.379072614301641, -34.733399578050722 ], [ -58.37887111514101, -34.735104264987385 ], [ -58.37886689607982, -34.73594419142664 ], [ -58.378766534557577, -34.736335831811189 ], [ -58.378061639770443, -34.737010286420968 ], [ -58.378697078261609, -34.737686745128997 ], [ -58.378801631877842, -34.738664906164701 ], [ -58.378846628737413, -34.739569526684143 ], [ -58.378833802200049, -34.739861600951301 ], [ -58.378847583420622, -34.73987340285484 ], [ -58.379471905543447, -34.740318037251541 ], [ -58.379759254811724, -34.740395778938577 ], [ -58.379781491026492, -34.740408519661393 ], [ -58.379903691813382, -34.740276048325782 ], [ -58.379928193842275, -34.740283612248099 ], [ -58.380376012320255, -34.739854454095152 ], [ -58.380401496022159, -34.739853560435812 ], [ -58.380425522873196, -34.739854290356334 ], [ -58.380581623601891, -34.739648784193363 ], [ -58.380597711497117, -34.73964722367203 ], [ -58.380600784527942, -34.739646925644607 ], [ -58.380603653701932, -34.739646647053526 ], [ -58.38060442550757, -34.739646572506409 ], [ -58.380605183136495, -34.739646499021347 ], [ -58.380781845178177, -34.739549662655563 ], [ -58.380792655984742, -34.739543177590122 ], [ -58.380795895100228, -34.739538359309066 ], [ -58.380799725529599, -34.739532659132081 ], [ -58.380804328462183, -34.739525810915083 ], [ -58.380806925500927, -34.739525057700199 ], [ -58.380812813553256, -34.739518011941307 ], [ -58.380977426986874, -34.739531181291987 ], [ -58.381168898053104, -34.739485096149444 ], [ -58.381171721800591, -34.739479923840413 ], [ -58.381365325687128, -34.739434204477071 ], [ -58.381369631671824, -34.73942316391831 ], [ -58.381392587995201, -34.739418033630443 ], [ -58.381396601449993, -34.739407195582935 ], [ -58.381759860984282, -34.739330739074738 ], [ -58.381760090883631, -34.739322644329356 ], [ -58.381787546802983, -34.738351617011659 ], [ -58.382425481114964, -34.739097326011667 ], [ -58.382970230282524, -34.738923978445641 ], [ -58.383037084899186, -34.738922070001976 ], [ -58.383593965259813, -34.738748252910149 ], [ -58.383712049527638, -34.738712342548432 ], [ -58.383715975874146, -34.738711164964229 ], [ -58.384091445177035, -34.738593426146807 ], [ -58.384135001971828, -34.738589717850815 ], [ -58.384514668305698, -34.738471586629935 ], [ -58.384607840110931, -34.738443864195233 ], [ -58.384611770081975, -34.738442709074391 ], [ -58.384928694991245, -34.738348136813812 ], [ -58.384964640831669, -34.738344460697974 ], [ -58.385284050903849, -34.73824961499691 ], [ -58.385356367085059, -34.738229829288166 ], [ -58.385360304908524, -34.73822875337104 ], [ -58.385658817756152, -34.738154152125588 ], [ -58.385687740311084, -34.738140579799534 ], [ -58.385984396442936, -34.738066831717113 ], [ -58.386082756954337, -34.738041403381885 ], [ -58.386086732657262, -34.738040373879429 ], [ -58.386244812368119, -34.737997589289193 ], [ -58.386262676551176, -34.737996634227784 ], [ -58.386394853865177, -34.737960107491141 ], [ -58.386398868135785, -34.737959295661142 ], [ -58.386916644305749, -34.737887584007964 ], [ -58.386968693263675, -34.737869389171379 ], [ -58.38748055471244, -34.737799691167815 ], [ -58.387484660128315, -34.737799042305639 ], [ -58.387637786698015, -34.737775300649787 ], [ -58.388180266588215, -34.737689539763352 ], [ -58.388234115473082, -34.737665594124564 ], [ -58.388768116049938, -34.737583501061444 ], [ -58.388772230040978, -34.737582843946321 ], [ -58.388895226774935, -34.737564344835917 ], [ -58.38896803214768, -34.737529907528263 ], [ -58.389958371501514, -34.737403715810764 ], [ -58.391000714381121, -34.737270889495782 ], [ -58.391021303425269, -34.737241524283434 ], [ -58.391154085833655, -34.737223775500368 ], [ -58.391156091948474, -34.73722347407314 ], [ -58.391582425984666, -34.737169971947814 ], [ -58.391809055547952, -34.736186040737138 ], [ -58.391433342900918, -34.735374711737371 ], [ -58.391333830779011, -34.735282177165786 ], [ -58.391372546669103, -34.7351900976441 ], [ -58.391371842086222, -34.735188056973435 ], [ -58.391223465001033, -34.734666662242617 ], [ -58.391129532865186, -34.734590463417291 ], [ -58.391188186083077, -34.734121039251214 ], [ -58.391191100558856, -34.73406563461252 ], [ -58.391191062519283, -34.734063951364433 ], [ -58.391214307726983, -34.733879402795338 ], [ -58.390093495639768, -34.73368766069671 ], [ -58.389117282631787, -34.733025860610255 ], [ -58.388571505082112, -34.732668409803559 ], [ -58.387693075872455, -34.732073235935495 ], [ -58.387298058970963, -34.731811371603222 ], [ -58.38648131741634, -34.731528714406771 ], [ -58.385802430772465, -34.731485754789453 ], [ -58.384622441453864, -34.731409021947734 ], [ -58.383996487079742, -34.731367678528443 ] ] ] ] } },
{ "type": "Feature", "properties": { "ObjectID": 389, "FacilityID": 299, "Name": "Location 17 : 0 - 10", "FromBreak": 0.0, "ToBreak": 10.0, "OBJECTID_1": 0, "stroke": null, "stroke_wid": 0, "stroke_opa": 0, "fill": null, "fill_opaci": 0.0, "name_1": null, "adddress": null, "address": null, "centroides": 0, "centroid": null, "ORIG_FID": 0, "OBJECTID_2": 0, "stroke_1": null, "stroke_w_1": 0, "stroke_o_1": 0, "fill_1": null, "fill_opa_1": 0.0, "name_12": null, "adddress_1": null, "address_1": null, "area": 0, "centroid_1": null, "Shape_Leng": 0.0, "Shape_Area": 0.0 }, "geometry": { "type": "MultiPolygon", "coordinates": [ [ [ [ -58.34563785677404, -34.727824072233773 ], [ -58.344730103931226, -34.728505649081292 ], [ -58.34432028191781, -34.728564906790609 ], [ -58.343554903421406, -34.728450790333085 ], [ -58.34260598439711, -34.728661524011088 ], [ -58.342531567092919, -34.729660228017117 ], [ -58.342524919234286, -34.729757629370141 ], [ -58.342466427265386, -34.730617210394605 ], [ -58.342420363009538, -34.731243941103187 ], [ -58.342406003204545, -34.73160547737848 ], [ -58.342341632330331, -34.732614467044066 ], [ -58.342334956681057, -34.732710576138416 ], [ -58.342324185404301, -34.733650433699808 ], [ -58.342291707171583, -34.73416478456388 ], [ -58.341587176697509, -34.734860071907882 ], [ -58.341856350221541, -34.735937374907159 ], [ -58.341852164893091, -34.735971186845511 ], [ -58.342772558058272, -34.736756554329965 ], [ -58.342799848147784, -34.736780616515674 ], [ -58.343901931344504, -34.73770015522701 ], [ -58.34393052305348, -34.737719398669768 ], [ -58.344103376163503, -34.737763196799968 ], [ -58.344708557821171, -34.738452463423251 ], [ -58.346299081421542, -34.738563362070764 ], [ -58.347177973935018, -34.739160420805121 ], [ -58.34783828540268, -34.738869395109759 ], [ -58.349455388504481, -34.738531397631846 ], [ -58.350018711294226, -34.738040633052115 ], [ -58.351051325671513, -34.737849217582692 ], [ -58.35160475707864, -34.73780082829613 ], [ -58.351896583918403, -34.737229738877758 ], [ -58.351960409057241, -34.736077057130352 ], [ -58.351978320005927, -34.735723264969117 ], [ -58.351794429399504, -34.734517567214461 ], [ -58.351798274639428, -34.734440937263777 ], [ -58.351740692951083, -34.733073927741493 ], [ -58.350499903962273, -34.732434676967564 ], [ -58.350314822399412, -34.732339284056316 ], [ -58.350675231537977, -34.731435361642404 ], [ -58.350674760318796, -34.731414587495998 ], [ -58.35067595450878, -34.731411287084363 ], [ -58.350709504502738, -34.731320099218181 ], [ -58.350881756039776, -34.730870210046852 ], [ -58.350878394362645, -34.730816530480695 ], [ -58.351051128378401, -34.730376947879172 ], [ -58.351095267007885, -34.730248897722213 ], [ -58.351096373943939, -34.730245604583565 ], [ -58.351158961541621, -34.730062258347999 ], [ -58.351151954600681, -34.730040118175928 ], [ -58.351215325527789, -34.729859437479554 ], [ -58.351216455984478, -34.72985611433473 ], [ -58.351232033599167, -34.729812818943728 ], [ -58.351339003713953, -34.729553105829339 ], [ -58.351323362917725, -34.729517799217085 ], [ -58.351433789853317, -34.729266396727851 ], [ -58.351434406929265, -34.729264735029744 ], [ -58.351458178228413, -34.72920577091849 ], [ -58.351650887634548, -34.728763477196686 ], [ -58.350766567156391, -34.728000202786056 ], [ -58.350048160993666, -34.72823656549518 ], [ -58.349582189368022, -34.728222834050435 ], [ -58.348287668253406, -34.728458185957962 ], [ -58.346551907211158, -34.727789891930939 ], [ -58.34563785677404, -34.727824072233773 ] ] ] ] } },
{ "type": "Feature", "properties": { "ObjectID": 390, "FacilityID": 300, "Name": "Location 18 : 0 - 10", "FromBreak": 0.0, "ToBreak": 10.0, "OBJECTID_1": 0, "stroke": null, "stroke_wid": 0, "stroke_opa": 0, "fill": null, "fill_opaci": 0.0, "name_1": null, "adddress": null, "address": null, "centroides": 0, "centroid": null, "ORIG_FID": 0, "OBJECTID_2": 0, "stroke_1": null, "stroke_w_1": 0, "stroke_o_1": 0, "fill_1": null, "fill_opa_1": 0.0, "name_12": null, "adddress_1": null, "address_1": null, "area": 0, "centroid_1": null, "Shape_Leng": 0.0, "Shape_Area": 0.0 }, "geometry": { "type": "MultiPolygon", "coordinates": [ [ [ [ -58.345996570426301, -34.728769461280734 ], [ -58.345176460634775, -34.729234795994266 ], [ -58.344354888108903, -34.729193536552181 ], [ -58.343410155308185, -34.729401180224222 ], [ -58.342750641821603, -34.729861794340202 ], [ -58.34241593923597, -34.72983834105748 ], [ -58.341581978361191, -34.729839525349661 ], [ -58.340663726847339, -34.729993300558029 ], [ -58.340117844334422, -34.730575857002123 ], [ -58.340040064676323, -34.731559993116193 ], [ -58.340037577335977, -34.731595887353471 ], [ -58.339860422858131, -34.73178527196422 ], [ -58.33935352380621, -34.732260571592278 ], [ -58.339575524977988, -34.732532490401709 ], [ -58.339555059714435, -34.733335269607437 ], [ -58.340068187887653, -34.733866759518996 ], [ -58.340108769541267, -34.734345079120182 ], [ -58.340929208967104, -34.735042394564225 ], [ -58.340970490884395, -34.735136275602294 ], [ -58.341814144913101, -34.735869668333748 ], [ -58.341856350206974, -34.735937374005985 ], [ -58.341886193473613, -34.735974262217127 ], [ -58.342772558058272, -34.736756554329965 ], [ -58.342801291096187, -34.73678045278654 ], [ -58.343900145767883, -34.73770741264984 ], [ -58.34393052305348, -34.737719398669768 ], [ -58.344002688302155, -34.737756700783869 ], [ -58.34470855889824, -34.738452462510025 ], [ -58.344805525084695, -34.738489995023208 ], [ -58.345484056972744, -34.739182700950039 ], [ -58.345576611824114, -34.739224929750236 ], [ -58.346293375940732, -34.7400149176176 ], [ -58.346311525785843, -34.74001905778951 ], [ -58.34630703731662, -34.740025332926514 ], [ -58.346309923332882, -34.740027766169291 ], [ -58.346387241268005, -34.740111183399016 ], [ -58.346414920283017, -34.740106053433955 ], [ -58.346486416150981, -34.740190460638182 ], [ -58.346490949129318, -34.740195811311345 ], [ -58.346527483639356, -34.740238945387972 ], [ -58.346545744738123, -34.740232981240013 ], [ -58.346579374370627, -34.74027702622142 ], [ -58.346582206846605, -34.740280734535872 ], [ -58.346594923345151, -34.740275846593185 ], [ -58.346626467531053, -34.740321305379709 ], [ -58.346658779907962, -34.740367875119325 ], [ -58.346670960310917, -34.740361709597266 ], [ -58.346672360484121, -34.740363010962582 ], [ -58.346730375433147, -34.740418227767513 ], [ -58.346731749987448, -34.740419497868729 ], [ -58.346725588452969, -34.74042683076118 ], [ -58.346747564613807, -34.740410936061053 ], [ -58.34703251455884, -34.740203621467877 ], [ -58.347486288044088, -34.740666853249607 ], [ -58.34757292119582, -34.740380846851721 ], [ -58.347739700448443, -34.739798506056033 ], [ -58.347577793122589, -34.739615143059972 ], [ -58.348072961839257, -34.738219707216352 ], [ -58.348882467909952, -34.738045696674646 ], [ -58.349627531723222, -34.737555276815705 ], [ -58.350909694610117, -34.737439779611812 ], [ -58.351329814886732, -34.737003179522794 ], [ -58.351373631036452, -34.736181998090672 ], [ -58.351176052831889, -34.735380748335167 ], [ -58.351196651593334, -34.734902398956244 ], [ -58.351121976927331, -34.733914855775645 ], [ -58.351139623197398, -34.733535874220415 ], [ -58.350072774565177, -34.732987118496183 ], [ -58.3504464316322, -34.732077121849599 ], [ -58.350447398592664, -34.7320744828356 ], [ -58.350441275185077, -34.732060144700547 ], [ -58.350442481502853, -34.732056850466179 ], [ -58.350459565136546, -34.732001321788829 ], [ -58.350467559502974, -34.731997050049515 ], [ -58.350485076946796, -34.731941277704436 ], [ -58.350486269275983, -34.731937996243424 ], [ -58.35051580256642, -34.731857248066135 ], [ -58.350599663722726, -34.731647139050445 ], [ -58.350588861513529, -34.731619882599766 ], [ -58.350674480750854, -34.73141451578563 ], [ -58.350675681211662, -34.73141119817911 ], [ -58.35071006557191, -34.731320227294617 ], [ -58.350898426672195, -34.73086735718924 ], [ -58.350739136915813, -34.730701191691423 ], [ -58.351043135826707, -34.730374812947126 ], [ -58.351043830707589, -34.730372899816913 ], [ -58.350738239519281, -34.730213739891276 ], [ -58.350761369943967, -34.730177742728436 ], [ -58.350063234123759, -34.729942436665233 ], [ -58.349924348127857, -34.729969820995414 ], [ -58.349348378946097, -34.730241175298723 ], [ -58.348632535331859, -34.730222280286775 ], [ -58.347507428882984, -34.730188144396152 ], [ -58.34675842481726, -34.729353140349581 ], [ -58.346307259703281, -34.728763068293013 ], [ -58.345996570426301, -34.728769461280734 ] ] ] ] } },
{ "type": "Feature", "properties": { "ObjectID": 391, "FacilityID": 301, "Name": "Location 19 : 0 - 10", "FromBreak": 0.0, "ToBreak": 10.0, "OBJECTID_1": 0, "stroke": null, "stroke_wid": 0, "stroke_opa": 0, "fill": null, "fill_opaci": 0.0, "name_1": null, "adddress": null, "address": null, "centroides": 0, "centroid": null, "ORIG_FID": 0, "OBJECTID_2": 0, "stroke_1": null, "stroke_w_1": 0, "stroke_o_1": 0, "fill_1": null, "fill_opa_1": 0.0, "name_12": null, "adddress_1": null, "address_1": null, "area": 0, "centroid_1": null, "Shape_Leng": 0.0, "Shape_Area": 0.0 }, "geometry": { "type": "MultiPolygon", "coordinates": [ [ [ [ -58.345177690908187, -34.716916374446512 ], [ -58.345178066577724, -34.717267452978525 ], [ -58.345063992921965, -34.717519476434255 ], [ -58.345065587466401, -34.717520808129521 ], [ -58.345469159344525, -34.718556649550685 ], [ -58.345479025354273, -34.718967800930805 ], [ -58.345487699755019, -34.720220296926698 ], [ -58.345509145557855, -34.720364666944818 ], [ -58.345491933960318, -34.721450944644033 ], [ -58.346880749685681, -34.721983389440041 ], [ -58.348039309899626, -34.722399838180138 ], [ -58.348365924229938, -34.722968987140405 ], [ -58.348808536301021, -34.722712482267475 ], [ -58.349283390530616, -34.722604833964489 ], [ -58.349952713085912, -34.722437791166271 ], [ -58.350707627193927, -34.722384319380211 ], [ -58.351514168736976, -34.722299056831133 ], [ -58.352107918532433, -34.722240846040066 ], [ -58.35257602250244, -34.721945612592172 ], [ -58.353663570557835, -34.721988319857076 ], [ -58.354029100504633, -34.721923337607365 ], [ -58.354778239992008, -34.721673968014706 ], [ -58.355209048238919, -34.721681930448369 ], [ -58.355219909875927, -34.721322857213622 ], [ -58.355723536240482, -34.720344362918425 ], [ -58.355740691384277, -34.719462480857082 ], [ -58.355804259370181, -34.717939837926416 ], [ -58.355490254052349, -34.71777728925106 ], [ -58.356517270229624, -34.717207091441459 ], [ -58.356517824111371, -34.717205581844958 ], [ -58.356490608303282, -34.717191916912903 ], [ -58.356518010651762, -34.717119494065898 ], [ -58.356519231381967, -34.717116173469989 ], [ -58.356538775772179, -34.717118156884695 ], [ -58.356539534057418, -34.717115996049877 ], [ -58.355894635536139, -34.71639536511897 ], [ -58.355779669046683, -34.715983102644081 ], [ -58.355892795812373, -34.714816964534606 ], [ -58.356170227983107, -34.713715701419723 ], [ -58.355991601582005, -34.713522937175355 ], [ -58.355994112412908, -34.713484508682448 ], [ -58.355720675166268, -34.71212059377342 ], [ -58.35553573346246, -34.712110636976817 ], [ -58.354567166681647, -34.711724244519118 ], [ -58.353687553716192, -34.711110065844252 ], [ -58.353455741593862, -34.7111048341079 ], [ -58.35229092392801, -34.709902717999796 ], [ -58.35112606711602, -34.710744829116493 ], [ -58.35117566074836, -34.710925036021607 ], [ -58.351085875622729, -34.710948222747191 ], [ -58.351085784866889, -34.710950427524153 ], [ -58.351046363735506, -34.710963885440449 ], [ -58.350071318359433, -34.711382333943661 ], [ -58.349323460744635, -34.712074520385343 ], [ -58.349229116485311, -34.712110189308582 ], [ -58.348461106465038, -34.712799801391569 ], [ -58.348391479572733, -34.712835530468283 ], [ -58.347565521718828, -34.713567463450822 ], [ -58.34750160450966, -34.713605064038411 ], [ -58.346823550679154, -34.714176964777764 ], [ -58.346806081145964, -34.714206354049956 ], [ -58.345848182283305, -34.715004948705669 ], [ -58.345840161071145, -34.715040623940148 ], [ -58.344818545094036, -34.715928677395482 ], [ -58.345166430163815, -34.716305748842593 ], [ -58.345177690908187, -34.716916374446512 ] ] ] ] } },
{ "type": "Feature", "properties": { "ObjectID": 392, "FacilityID": 302, "Name": "Location 20 : 0 - 10", "FromBreak": 0.0, "ToBreak": 10.0, "OBJECTID_1": 0, "stroke": null, "stroke_wid": 0, "stroke_opa": 0, "fill": null, "fill_opaci": 0.0, "name_1": null, "adddress": null, "address": null, "centroides": 0, "centroid": null, "ORIG_FID": 0, "OBJECTID_2": 0, "stroke_1": null, "stroke_w_1": 0, "stroke_o_1": 0, "fill_1": null, "fill_opa_1": 0.0, "name_12": null, "adddress_1": null, "address_1": null, "area": 0, "centroid_1": null, "Shape_Leng": 0.0, "Shape_Area": 0.0 }, "geometry": { "type": "MultiPolygon", "coordinates": [ [ [ [ -58.433115277887381, -34.686189825893301 ], [ -58.432467639013929, -34.686918646999345 ], [ -58.432465989599251, -34.686918545610169 ], [ -58.431480790475774, -34.686530692004943 ], [ -58.431090962972647, -34.686613439426253 ], [ -58.430454192270282, -34.687345584422204 ], [ -58.430427822230151, -34.687335080710227 ], [ -58.429439454072345, -34.686950775563027 ], [ -58.428614264790319, -34.687638900974171 ], [ -58.427569563133439, -34.687356439712467 ], [ -58.426959633745739, -34.687771011059347 ], [ -58.426273524752823, -34.687971228808102 ], [ -58.426147716867007, -34.687999495108244 ], [ -58.425845658849283, -34.68853497175693 ], [ -58.424760874424003, -34.688751418421973 ], [ -58.424086060996466, -34.689580015997066 ], [ -58.423619059603787, -34.690390550430266 ], [ -58.423674734579649, -34.690573937264411 ], [ -58.424549517465621, -34.69110654980804 ], [ -58.424565847102144, -34.691150264509545 ], [ -58.424102787015229, -34.691961310697458 ], [ -58.424165304982864, -34.692153091567839 ], [ -58.425058806003499, -34.692662442394287 ], [ -58.425172348525813, -34.692784547998933 ], [ -58.424645007034243, -34.693561571900197 ], [ -58.424670726511238, -34.69365858328959 ], [ -58.425542979752535, -34.694182463807088 ], [ -58.425547575179323, -34.694270344686821 ], [ -58.425086719612722, -34.695087641789499 ], [ -58.42569832276849, -34.695548020322349 ], [ -58.426019344747331, -34.695803642892798 ], [ -58.426034669102989, -34.695851948764847 ], [ -58.426566283838092, -34.69675913211789 ], [ -58.42669210666817, -34.697381550037207 ], [ -58.426735481839039, -34.697543216507029 ], [ -58.426930520829089, -34.697507801448261 ], [ -58.428337088242621, -34.697653472429565 ], [ -58.428573132282551, -34.697639677333825 ], [ -58.428989869855357, -34.697335218470108 ], [ -58.430662871098754, -34.696802208731398 ], [ -58.430953212056224, -34.696740490497 ], [ -58.431588136067653, -34.696644830857153 ], [ -58.432137467914316, -34.696536176360269 ], [ -58.432742725447866, -34.696419317674021 ], [ -58.433301842668946, -34.696313358644503 ], [ -58.434406508367161, -34.696098302822811 ], [ -58.435378743126861, -34.695744192698506 ], [ -58.435345598633127, -34.695622925459439 ], [ -58.435717050213213, -34.694675753428619 ], [ -58.43566417494592, -34.694512435623864 ], [ -58.435546367014027, -34.693911903865285 ], [ -58.436504857379703, -34.693050325966716 ], [ -58.436416235247442, -34.69275518424628 ], [ -58.436632567859405, -34.691795881641234 ], [ -58.436545645618281, -34.691753383970479 ], [ -58.436544368178097, -34.691752775311208 ], [ -58.436538494507985, -34.691756463392316 ], [ -58.436535497303737, -34.691755034969383 ], [ -58.436541588175004, -34.691746423974493 ], [ -58.436539544667717, -34.691745182600535 ], [ -58.436526218923028, -34.691707190062814 ], [ -58.436527341516445, -34.691705784275548 ], [ -58.4366819572517, -34.691542310790481 ], [ -58.435880956990772, -34.69086006802344 ], [ -58.435553042990222, -34.689860553252053 ], [ -58.435552797904123, -34.689859567381369 ], [ -58.43601255522529, -34.689038950290886 ], [ -58.435051061330164, -34.688260414438666 ], [ -58.435028918378649, -34.688182810259747 ], [ -58.434504356311486, -34.686508078093077 ], [ -58.434499733717317, -34.6864929378931 ], [ -58.434481340295321, -34.686496689429219 ], [ -58.434327299397481, -34.686467020090909 ], [ -58.433486272165197, -34.686144227376431 ], [ -58.433115277887381, -34.686189825893301 ] ] ] ] } },
{ "type": "Feature", "properties": { "ObjectID": 393, "FacilityID": 303, "Name": "Location 21 : 0 - 10", "FromBreak": 0.0, "ToBreak": 10.0, "OBJECTID_1": 0, "stroke": null, "stroke_wid": 0, "stroke_opa": 0, "fill": null, "fill_opaci": 0.0, "name_1": null, "adddress": null, "address": null, "centroides": 0, "centroid": null, "ORIG_FID": 0, "OBJECTID_2": 0, "stroke_1": null, "stroke_w_1": 0, "stroke_o_1": 0, "fill_1": null, "fill_opa_1": 0.0, "name_12": null, "adddress_1": null, "address_1": null, "area": 0, "centroid_1": null, "Shape_Leng": 0.0, "Shape_Area": 0.0 }, "geometry": { "type": "MultiPolygon", "coordinates": [ [ [ [ -58.434292580271695, -34.6763558541994 ], [ -58.433994259996929, -34.676464610345512 ], [ -58.433067890786837, -34.676416162872329 ], [ -58.432684714917514, -34.676571624592547 ], [ -58.432674072110878, -34.676582470136417 ], [ -58.431634663396878, -34.677163538789301 ], [ -58.43094071497768, -34.677883377975725 ], [ -58.429787000516704, -34.677686588274014 ], [ -58.429638033693585, -34.677940917767984 ], [ -58.429608296343545, -34.677984359260776 ], [ -58.429607263357973, -34.677985833337786 ], [ -58.429549606122173, -34.678051125217401 ], [ -58.429568891317523, -34.678070532709654 ], [ -58.429506758493105, -34.678131191044976 ], [ -58.429504648859172, -34.678134201901287 ], [ -58.429453919928399, -34.678209349651389 ], [ -58.429412811797775, -34.678203677511519 ], [ -58.429411817934167, -34.678204000127643 ], [ -58.428680723009656, -34.6789447027571 ], [ -58.428580098609991, -34.678978705206326 ], [ -58.428615688737409, -34.679046197939044 ], [ -58.428957523629734, -34.679523173293958 ], [ -58.429208919894251, -34.680324986276354 ], [ -58.429715634561646, -34.681318040394927 ], [ -58.429789784749104, -34.681557693363708 ], [ -58.429506979487613, -34.682444906664948 ], [ -58.430392023563243, -34.682968885651235 ], [ -58.431018786471626, -34.684314468793467 ], [ -58.43143871373114, -34.684983748287905 ], [ -58.431641701256865, -34.685652261719945 ], [ -58.432983385934058, -34.68619241975216 ], [ -58.433611715242954, -34.686061512114378 ], [ -58.435031931219321, -34.685762918538245 ], [ -58.435623379198397, -34.685642298154448 ], [ -58.437066164977345, -34.685349637908622 ], [ -58.437644634261467, -34.685224727189301 ], [ -58.43955614279588, -34.684812236525296 ], [ -58.440236266399133, -34.684849570541729 ], [ -58.44023305710374, -34.684821207590325 ], [ -58.440234276266303, -34.684815810444043 ], [ -58.440249651796663, -34.684790311292787 ], [ -58.439598996252954, -34.684622527765569 ], [ -58.439608697269804, -34.683590967952746 ], [ -58.439610875108869, -34.683587939897237 ], [ -58.439609293616869, -34.683583123848962 ], [ -58.439611585933463, -34.683579838463544 ], [ -58.439631523999303, -34.683568489537279 ], [ -58.439731947870641, -34.68341710922482 ], [ -58.43973407383811, -34.683414173715569 ], [ -58.439770436902045, -34.683364278250373 ], [ -58.43995699638905, -34.683126872094263 ], [ -58.439961597105174, -34.683093948952781 ], [ -58.440147361299459, -34.682861529949612 ], [ -58.440900020960157, -34.681515692047498 ], [ -58.439067621037246, -34.680954433863931 ], [ -58.439031953014826, -34.680869798346251 ], [ -58.439033476447001, -34.6808363941987 ], [ -58.438466831658552, -34.680688826658319 ], [ -58.438410874344711, -34.680662218295922 ], [ -58.437837575881737, -34.680511541026405 ], [ -58.437719955189145, -34.680480014813305 ], [ -58.437715995659524, -34.680478942974148 ], [ -58.437389965499442, -34.680393738268862 ], [ -58.437357900947781, -34.680379421164005 ], [ -58.437029964015743, -34.680293378103791 ], [ -58.43692462088471, -34.680265204404108 ], [ -58.436920662574579, -34.680264138833721 ], [ -58.436667690167077, -34.680198294799887 ], [ -58.436642745780361, -34.680187552967958 ], [ -58.436388708765236, -34.680121257614189 ], [ -58.436384762592212, -34.680120199093771 ], [ -58.436280618184021, -34.68009223152815 ], [ -58.435931255822005, -34.679996018601692 ], [ -58.435892804555408, -34.679991184442997 ], [ -58.435888613732928, -34.679990047669087 ], [ -58.435841494833276, -34.679950954197615 ], [ -58.435559042663222, -34.679502839458216 ], [ -58.435558958644975, -34.67949967858042 ], [ -58.435510470900802, -34.679444908931863 ], [ -58.435088028362614, -34.678572418907684 ], [ -58.434722718278863, -34.677699123931468 ], [ -58.434708436236654, -34.677689308019609 ], [ -58.434707584056731, -34.677688102156175 ], [ -58.434695150694978, -34.67768103156569 ], [ -58.43458025003018, -34.676920098781935 ], [ -58.434693500292447, -34.676667487200348 ], [ -58.434714405627822, -34.676655026266687 ], [ -58.434736993840772, -34.676635194262488 ], [ -58.434740264950143, -34.676634256226031 ], [ -58.434545915259555, -34.676464575432803 ], [ -58.434512331266227, -34.67646401712269 ], [ -58.434292580271695, -34.6763558541994 ] ] ] ] } },
{ "type": "Feature", "properties": { "ObjectID": 394, "FacilityID": 304, "Name": "Location 22 : 0 - 10", "FromBreak": 0.0, "ToBreak": 10.0, "OBJECTID_1": 0, "stroke": null, "stroke_wid": 0, "stroke_opa": 0, "fill": null, "fill_opaci": 0.0, "name_1": null, "adddress": null, "address": null, "centroides": 0, "centroid": null, "ORIG_FID": 0, "OBJECTID_2": 0, "stroke_1": null, "stroke_w_1": 0, "stroke_o_1": 0, "fill_1": null, "fill_opa_1": 0.0, "name_12": null, "adddress_1": null, "address_1": null, "area": 0, "centroid_1": null, "Shape_Leng": 0.0, "Shape_Area": 0.0 }, "geometry": { "type": "MultiPolygon", "coordinates": [ [ [ [ -58.390564605213754, -34.700948311848713 ], [ -58.390127713728845, -34.701284008469955 ], [ -58.388570755074817, -34.701202449403631 ], [ -58.388516613054477, -34.701191252656315 ], [ -58.388402549707145, -34.701463105934629 ], [ -58.388263184114507, -34.701755915899255 ], [ -58.387132944461008, -34.702438077371639 ], [ -58.38689526878872, -34.702471432997491 ], [ -58.386896882624328, -34.702644048931127 ], [ -58.386278066750485, -34.703543086836007 ], [ -58.386075895361444, -34.703719225530961 ], [ -58.385327257447443, -34.704380199760088 ], [ -58.385952372051072, -34.705290946329413 ], [ -58.385937392236599, -34.705482070600233 ], [ -58.385828045995396, -34.706827713982577 ], [ -58.385820529444999, -34.706939490033349 ], [ -58.385683444210471, -34.708023905953759 ], [ -58.385660349655218, -34.708416133282689 ], [ -58.385609069385843, -34.709416148236933 ], [ -58.38557262282584, -34.709841916322269 ], [ -58.38608545353339, -34.709872927245343 ], [ -58.387041970187418, -34.710173988219665 ], [ -58.3880219560331, -34.711696739712089 ], [ -58.387977970284055, -34.712234414340074 ], [ -58.388632574707316, -34.712272759974546 ], [ -58.389325654114643, -34.712613576739706 ], [ -58.390678301959525, -34.713005042665699 ], [ -58.39190870891202, -34.713391794469111 ], [ -58.392078405076667, -34.713442725708958 ], [ -58.392196550999181, -34.713501287063714 ], [ -58.392766944783645, -34.713210042629427 ], [ -58.393195460519784, -34.712704782739159 ], [ -58.393718304937586, -34.712166416091272 ], [ -58.394397048751401, -34.711366212442336 ], [ -58.394624086492549, -34.711188498270793 ], [ -58.395499020821163, -34.710219516883662 ], [ -58.395693863136799, -34.709988527691721 ], [ -58.396399848799248, -34.70924930775351 ], [ -58.396687959168368, -34.708898751605716 ], [ -58.397157062608684, -34.708420574508558 ], [ -58.39780597340259, -34.707690443882633 ], [ -58.397743719999951, -34.706715323964332 ], [ -58.397058805459963, -34.706108300327664 ], [ -58.396695233391753, -34.705762192347997 ], [ -58.395811129345617, -34.704980863845826 ], [ -58.395589511788273, -34.70478388102228 ], [ -58.394530593753245, -34.70383769137343 ], [ -58.394162627072653, -34.703520690135015 ], [ -58.393273806729866, -34.702730544317355 ], [ -58.392878276661072, -34.702401466300657 ], [ -58.391917798264778, -34.701555667108181 ], [ -58.390972621892793, -34.701301127824564 ], [ -58.390564605213754, -34.700948311848713 ] ] ] ] } },
{ "type": "Feature", "properties": { "ObjectID": 395, "FacilityID": 305, "Name": "Location 23 : 0 - 10", "FromBreak": 0.0, "ToBreak": 10.0, "OBJECTID_1": 0, "stroke": null, "stroke_wid": 0, "stroke_opa": 0, "fill": null, "fill_opaci": 0.0, "name_1": null, "adddress": null, "address": null, "centroides": 0, "centroid": null, "ORIG_FID": 0, "OBJECTID_2": 0, "stroke_1": null, "stroke_w_1": 0, "stroke_o_1": 0, "fill_1": null, "fill_opa_1": 0.0, "name_12": null, "adddress_1": null, "address_1": null, "area": 0, "centroid_1": null, "Shape_Leng": 0.0, "Shape_Area": 0.0 }, "geometry": { "type": "MultiPolygon", "coordinates": [ [ [ [ -58.352252681366863, -34.72333151738512 ], [ -58.351934060457147, -34.723884158787797 ], [ -58.351977819546832, -34.7238966658376 ], [ -58.352037281998086, -34.72392564533088 ], [ -58.35207168781065, -34.723951232698468 ], [ -58.352503737147458, -34.723453872287749 ], [ -58.352708566961596, -34.72354365290937 ], [ -58.352977229413497, -34.724040654201801 ], [ -58.351987276541216, -34.724271371381228 ], [ -58.3526753770943, -34.725067740920366 ], [ -58.352126876490281, -34.725287036599426 ], [ -58.352373628291097, -34.725770657710001 ], [ -58.352251235217963, -34.726418493059043 ], [ -58.352432882555355, -34.726534633162004 ], [ -58.35291859472779, -34.726941604282729 ], [ -58.352907966093667, -34.727469063759287 ], [ -58.352903647648652, -34.728364851228903 ], [ -58.352876278309111, -34.728963921923025 ], [ -58.353606038044695, -34.728981293551307 ], [ -58.354908418634835, -34.729048520891368 ], [ -58.355262052530776, -34.729059453893214 ], [ -58.35639906099761, -34.729505534355674 ], [ -58.357409166844896, -34.7295351175649 ], [ -58.358170322020818, -34.72955049575414 ], [ -58.359063537247636, -34.729579034198636 ], [ -58.359967840829363, -34.729599981927549 ], [ -58.360573665810477, -34.729614037411807 ], [ -58.361927960829917, -34.729214026055971 ], [ -58.362385225380791, -34.729229844556983 ], [ -58.363758049137019, -34.729293432804198 ], [ -58.363833300068222, -34.728208336538579 ], [ -58.363864148128911, -34.727911636251264 ], [ -58.363938228492962, -34.727512165779075 ], [ -58.363986767463501, -34.726713186621026 ], [ -58.364017230471532, -34.726241068471644 ], [ -58.364075252080866, -34.725269403646763 ], [ -58.364076147413918, -34.724916769261078 ], [ -58.364145610238346, -34.723826992363158 ], [ -58.364126305382214, -34.72359822103607 ], [ -58.364849621043042, -34.722932936584229 ], [ -58.364853866135711, -34.722855143541508 ], [ -58.36420597022034, -34.722138836672436 ], [ -58.364241066520421, -34.721342538317359 ], [ -58.364264750740212, -34.721070714508109 ], [ -58.364257492337288, -34.720222371434559 ], [ -58.362973666357178, -34.720149924251672 ], [ -58.362409712089558, -34.720144942259928 ], [ -58.360539052721158, -34.720068405730487 ], [ -58.360093712162701, -34.720051702010132 ], [ -58.358717877945615, -34.720016938649628 ], [ -58.358458220134807, -34.720010792522864 ], [ -58.356900119932497, -34.719987209543135 ], [ -58.356890005213515, -34.71998702207128 ], [ -58.355279939173109, -34.719961237314436 ], [ -58.354375920619432, -34.72085233725214 ], [ -58.354290478437569, -34.72087279936558 ], [ -58.354331674616674, -34.721017861089543 ], [ -58.353516471769808, -34.722309138221341 ], [ -58.352421763949081, -34.722513431942303 ], [ -58.352252681366863, -34.72333151738512 ] ] ] ] } },
{ "type": "Feature", "properties": { "ObjectID": 396, "FacilityID": 306, "Name": "Location 24 : 0 - 10", "FromBreak": 0.0, "ToBreak": 10.0, "OBJECTID_1": 0, "stroke": null, "stroke_wid": 0, "stroke_opa": 0, "fill": null, "fill_opaci": 0.0, "name_1": null, "adddress": null, "address": null, "centroides": 0, "centroid": null, "ORIG_FID": 0, "OBJECTID_2": 0, "stroke_1": null, "stroke_w_1": 0, "stroke_o_1": 0, "fill_1": null, "fill_opa_1": 0.0, "name_12": null, "adddress_1": null, "address_1": null, "area": 0, "centroid_1": null, "Shape_Leng": 0.0, "Shape_Area": 0.0 }, "geometry": { "type": "MultiPolygon", "coordinates": [ [ [ [ -58.359474775628819, -34.719665547155259 ], [ -58.358654265350857, -34.72018343260708 ], [ -58.358511068146626, -34.720180789859661 ], [ -58.357088069255909, -34.720158084722144 ], [ -58.356694164584049, -34.720151796300385 ], [ -58.355478002077795, -34.720132300836489 ], [ -58.355451136479864, -34.721139988421236 ], [ -58.354858177606609, -34.721374629542332 ], [ -58.35485125647488, -34.72161562092127 ], [ -58.354141000048884, -34.722183175438339 ], [ -58.353678053997129, -34.72186520769182 ], [ -58.353667437907752, -34.721882292415557 ], [ -58.353637923469144, -34.721907558570898 ], [ -58.353617627652731, -34.721916935378886 ], [ -58.354019204321986, -34.722287439401107 ], [ -58.353316111817151, -34.722807025190846 ], [ -58.352861991651871, -34.722891772264816 ], [ -58.352757956303464, -34.723164334318106 ], [ -58.353109209004835, -34.723528032616109 ], [ -58.352016916626802, -34.724766617411404 ], [ -58.352017113132895, -34.724773187768967 ], [ -58.352712623108616, -34.725441298538748 ], [ -58.352728355004345, -34.726171159451077 ], [ -58.353373028476348, -34.727111624666293 ], [ -58.353407476788576, -34.727362115868985 ], [ -58.353342034275137, -34.728606998899799 ], [ -58.354717522446798, -34.729194939919374 ], [ -58.355439149699805, -34.729217250079046 ], [ -58.356208178923048, -34.729652181769637 ], [ -58.357586983914508, -34.729692563627303 ], [ -58.357978256496153, -34.729696087416968 ], [ -58.359241399508974, -34.729736444851603 ], [ -58.359781774545105, -34.729750789423058 ], [ -58.360749180246032, -34.729773234160234 ], [ -58.362109306929064, -34.729368703032968 ], [ -58.362187072416056, -34.729369950536039 ], [ -58.362960756113551, -34.729992418522237 ], [ -58.363082812533563, -34.729998072140134 ], [ -58.363935977103289, -34.72945095744776 ], [ -58.364656559806413, -34.728786470844589 ], [ -58.364031837964816, -34.728068606677894 ], [ -58.364043323724665, -34.728068192322333 ], [ -58.364402118476889, -34.727918463947496 ], [ -58.364409843345776, -34.72779111272903 ], [ -58.364478573805016, -34.726649334700625 ], [ -58.364497775017824, -34.726347448625788 ], [ -58.364558248277305, -34.72534282866264 ], [ -58.364584804568231, -34.724902299868276 ], [ -58.364619189904957, -34.724034717828317 ], [ -58.364654720970847, -34.723477858659706 ], [ -58.364964935877218, -34.722197582547025 ], [ -58.364704945069157, -34.721818630170951 ], [ -58.364708067248309, -34.721764832402748 ], [ -58.364040758021488, -34.720377234173434 ], [ -58.363162867027555, -34.720327693632797 ], [ -58.362194106550078, -34.720300874334548 ], [ -58.361405471381104, -34.719682339462707 ], [ -58.360502710901571, -34.720167441135054 ], [ -58.36032298692394, -34.720223902526833 ], [ -58.360291815115502, -34.720222733692864 ], [ -58.360105204398245, -34.720117067404786 ], [ -58.359474775628819, -34.719665547155259 ] ] ] ] } },
{ "type": "Feature", "properties": { "ObjectID": 397, "FacilityID": 307, "Name": "Location 25 : 0 - 10", "FromBreak": 0.0, "ToBreak": 10.0, "OBJECTID_1": 0, "stroke": null, "stroke_wid": 0, "stroke_opa": 0, "fill": null, "fill_opaci": 0.0, "name_1": null, "adddress": null, "address": null, "centroides": 0, "centroid": null, "ORIG_FID": 0, "OBJECTID_2": 0, "stroke_1": null, "stroke_w_1": 0, "stroke_o_1": 0, "fill_1": null, "fill_opa_1": 0.0, "name_12": null, "adddress_1": null, "address_1": null, "area": 0, "centroid_1": null, "Shape_Leng": 0.0, "Shape_Area": 0.0 }, "geometry": { "type": "MultiPolygon", "coordinates": [ [ [ [ -58.354544236992425, -34.719295134879417 ], [ -58.353596792907716, -34.719684152300843 ], [ -58.352945961089489, -34.719666907963472 ], [ -58.352929370446176, -34.720204004631256 ], [ -58.351605300654597, -34.721244948960639 ], [ -58.350980064645753, -34.721231746569195 ], [ -58.351063120578189, -34.721811916759478 ], [ -58.350644893944583, -34.722857713483513 ], [ -58.35077652648004, -34.723371049112586 ], [ -58.351333001966154, -34.723745019556759 ], [ -58.351044010319931, -34.724713096297826 ], [ -58.351244478876403, -34.725287566865951 ], [ -58.351291634693823, -34.72568501941165 ], [ -58.351425510032264, -34.725863684909022 ], [ -58.351510808377718, -34.726017250788196 ], [ -58.351708967846953, -34.727079390047798 ], [ -58.352169846642738, -34.727325228624174 ], [ -58.352411229789389, -34.727858459024674 ], [ -58.35400891462622, -34.727904846241586 ], [ -58.354233088345886, -34.727929106428263 ], [ -58.355648131426982, -34.72795920923145 ], [ -58.356294780350616, -34.727983579288534 ], [ -58.357288305181498, -34.728014169489107 ], [ -58.358346196270787, -34.72801192100161 ], [ -58.358746101002112, -34.728020926308936 ], [ -58.360022269105322, -34.727575390004723 ], [ -58.361057645859844, -34.727428284395366 ], [ -58.361669692502851, -34.727457811301456 ], [ -58.362650531506894, -34.7268509627784 ], [ -58.363152373057403, -34.726821981983619 ], [ -58.363212279915295, -34.725893632564556 ], [ -58.363224538304777, -34.725539562259577 ], [ -58.363284759950659, -34.724453202547672 ], [ -58.363287009629516, -34.724212298528236 ], [ -58.36334569323067, -34.72290401394546 ], [ -58.363352887369338, -34.722772243069748 ], [ -58.363391858068596, -34.721685433020532 ], [ -58.363390078526699, -34.72084234641715 ], [ -58.362697713859056, -34.719936649881454 ], [ -58.360827707757188, -34.719860666546651 ], [ -58.359829055402024, -34.719823211069361 ], [ -58.358994801315106, -34.71979858258743 ], [ -58.358196900629103, -34.719779697359918 ], [ -58.357175273182314, -34.719767322476308 ], [ -58.356627074008308, -34.719757166352331 ], [ -58.355562435483435, -34.719606855032318 ], [ -58.354654321239281, -34.71927906387652 ], [ -58.354544236992425, -34.719295134879417 ] ] ] ] } },
{ "type": "Feature", "properties": { "ObjectID": 358, "FacilityID": 268, "Name": "Location 1 : 0 - 10", "FromBreak": 0.0, "ToBreak": 10.0, "OBJECTID_1": 0, "stroke": null, "stroke_wid": 0, "stroke_opa": 0, "fill": null, "fill_opaci": 0.0, "name_1": null, "adddress": null, "address": null, "centroides": 0, "centroid": null, "ORIG_FID": 0, "OBJECTID_2": 0, "stroke_1": null, "stroke_w_1": 0, "stroke_o_1": 0, "fill_1": null, "fill_opa_1": 0.0, "name_12": null, "adddress_1": null, "address_1": null, "area": 0, "centroid_1": null, "Shape_Leng": 0.0, "Shape_Area": 0.0 }, "geometry": { "type": "MultiPolygon", "coordinates": [ [ [ [ -58.350018028052595, -34.718616641166534 ], [ -58.348383313769141, -34.718947478888794 ], [ -58.348290310780854, -34.718944900293479 ], [ -58.345941415221532, -34.719820082381844 ], [ -58.344893918661811, -34.719820749634614 ], [ -58.344896525000678, -34.720744644572221 ], [ -58.344867498510396, -34.721217152980131 ], [ -58.342902836780283, -34.722390917011779 ], [ -58.342851301675964, -34.723466287186163 ], [ -58.342747499894195, -34.724115187196915 ], [ -58.342685923299186, -34.724300592278333 ], [ -58.34257848277695, -34.724897965823175 ], [ -58.342646407043468, -34.725838620909173 ], [ -58.342565126014641, -34.726278813006111 ], [ -58.342647649657074, -34.726851118218917 ], [ -58.342916466662608, -34.727858965514031 ], [ -58.342901086197415, -34.728066690310044 ], [ -58.343155969086858, -34.728080169623581 ], [ -58.343982209800359, -34.728712683898152 ], [ -58.344068963168873, -34.728928182414855 ], [ -58.343995600858655, -34.729944507355754 ], [ -58.343983950264558, -34.730104833947422 ], [ -58.344179254629225, -34.730114112970092 ], [ -58.345735952186651, -34.73099356570318 ], [ -58.346097192383553, -34.730911658626077 ], [ -58.346974521907903, -34.730597888885988 ], [ -58.347413359747598, -34.730610526060168 ], [ -58.34872184066672, -34.730301228982981 ], [ -58.349622250371304, -34.730028137801966 ], [ -58.350025261379351, -34.73006511827537 ], [ -58.35002688320391, -34.730065422074802 ], [ -58.350026908572907, -34.730065303718703 ], [ -58.350037702126748, -34.730030425892444 ], [ -58.350045040836548, -34.730030356262716 ], [ -58.351183189772925, -34.730053074457786 ], [ -58.351216624963072, -34.729859721405134 ], [ -58.351217727267944, -34.729856479692778 ], [ -58.35123027113918, -34.729812393237694 ], [ -58.351291903467192, -34.729553361613952 ], [ -58.351351221376788, -34.729533586160983 ], [ -58.351352104296254, -34.729531220275085 ], [ -58.351683928866528, -34.728593158380427 ], [ -58.352891259590642, -34.728353784339411 ], [ -58.35292685386203, -34.727454256834513 ], [ -58.353326718082258, -34.727289239856873 ], [ -58.35333633646858, -34.727138440583175 ], [ -58.353420435478192, -34.725985692670676 ], [ -58.353442206570897, -34.725616582921027 ], [ -58.353806450053902, -34.724814640509202 ], [ -58.353532171061879, -34.724734049351476 ], [ -58.353539708318849, -34.72470888773946 ], [ -58.353871720590774, -34.724770719427895 ], [ -58.35389880491843, -34.724775589333426 ], [ -58.35389920765455, -34.724774244571194 ], [ -58.353905975744297, -34.724718522700904 ], [ -58.35370180242019, -34.724601570617722 ], [ -58.352899634645901, -34.724310672903535 ], [ -58.352945662088814, -34.724083298211397 ], [ -58.352703995165825, -34.72354164863674 ], [ -58.352678557755453, -34.723234769461328 ], [ -58.352312941278363, -34.722419906164561 ], [ -58.352320206409054, -34.722146965904848 ], [ -58.352997920900528, -34.721544474400638 ], [ -58.352089505437696, -34.720865552229689 ], [ -58.351434659188754, -34.7199118137721 ], [ -58.350739203021931, -34.719281833898812 ], [ -58.350750737660448, -34.719007377018109 ], [ -58.350018028052595, -34.718616641166534 ] ] ] ] } },
{ "type": "Feature", "properties": { "ObjectID": 359, "FacilityID": 269, "Name": "Location 2 : 0 - 10", "FromBreak": 0.0, "ToBreak": 10.0, "OBJECTID_1": 0, "stroke": null, "stroke_wid": 0, "stroke_opa": 0, "fill": null, "fill_opaci": 0.0, "name_1": null, "adddress": null, "address": null, "centroides": 0, "centroid": null, "ORIG_FID": 0, "OBJECTID_2": 0, "stroke_1": null, "stroke_w_1": 0, "stroke_o_1": 0, "fill_1": null, "fill_opa_1": 0.0, "name_12": null, "adddress_1": null, "address_1": null, "area": 0, "centroid_1": null, "Shape_Leng": 0.0, "Shape_Area": 0.0 }, "geometry": { "type": "MultiPolygon", "coordinates": [ [ [ [ -58.387249601510554, -34.720062435327897 ], [ -58.387215011163363, -34.720106980088673 ], [ -58.386777957902716, -34.720097092838742 ], [ -58.386777653797857, -34.720097316225868 ], [ -58.386733223195563, -34.72012178215455 ], [ -58.38498173176712, -34.720424588017309 ], [ -58.384886854409821, -34.721436457994393 ], [ -58.384829830234175, -34.721858693371786 ], [ -58.384715798233373, -34.723065320583082 ], [ -58.386203607432975, -34.723168562906416 ], [ -58.386477203248262, -34.723195225271347 ], [ -58.387967960322477, -34.723268268303919 ], [ -58.388261549386804, -34.723326587906591 ], [ -58.389043592975021, -34.723938455434691 ], [ -58.389908326553908, -34.723408640232108 ], [ -58.390035275097539, -34.723420946746089 ], [ -58.391383184425507, -34.723763906765363 ], [ -58.392478752074766, -34.724053438834133 ], [ -58.392479280742265, -34.724052675672809 ], [ -58.393161122631618, -34.723338392658029 ], [ -58.393310670579638, -34.723203518628296 ], [ -58.393652603355697, -34.722848682848209 ], [ -58.394263042941205, -34.722214679207461 ], [ -58.393138075442089, -34.721448275302798 ], [ -58.392895422216156, -34.721040423089548 ], [ -58.392091208650804, -34.720804326922931 ], [ -58.391937454222351, -34.720698667939693 ], [ -58.391898655904257, -34.72062853168768 ], [ -58.391895938493832, -34.720625904715156 ], [ -58.391554021447632, -34.720295713219336 ], [ -58.391529627210531, -34.72025207275027 ], [ -58.391184376993749, -34.719916067698165 ], [ -58.391181706846609, -34.719913457294304 ], [ -58.391085831363199, -34.719820378488627 ], [ -58.390734404561904, -34.719491049388118 ], [ -58.390706483286479, -34.71944951576198 ], [ -58.390352080902737, -34.719115835397844 ], [ -58.390349422601837, -34.719113212220925 ], [ -58.390283505516372, -34.719048678463054 ], [ -58.389872914560478, -34.718639731416211 ], [ -58.389838610995227, -34.718590277392636 ], [ -58.389424512431304, -34.718176342945611 ], [ -58.38933929083921, -34.718089875014819 ], [ -58.389336675746122, -34.718087220676459 ], [ -58.388961803227581, -34.717700920848685 ], [ -58.3889142523768, -34.717666105602021 ], [ -58.388543783887201, -34.717283068395396 ], [ -58.386992782229441, -34.717136704120811 ], [ -58.386850805866011, -34.718420385007654 ], [ -58.387229635811295, -34.718797807847125 ], [ -58.38726124590891, -34.718843332846305 ], [ -58.387643054976763, -34.719224976486508 ], [ -58.387645671145492, -34.719227630848756 ], [ -58.387730868469781, -34.719314115556472 ], [ -58.387803382075269, -34.71958934652816 ], [ -58.387843033303767, -34.719617610284196 ], [ -58.387842816068584, -34.719619569549977 ], [ -58.3878137926622, -34.7196520498211 ], [ -58.387810651942196, -34.71965432631459 ], [ -58.387687439773444, -34.719743031218911 ], [ -58.387249601510554, -34.720062435327897 ] ] ] ] } },
{ "type": "Feature", "properties": { "ObjectID": 360, "FacilityID": 270, "Name": "Location 3 : 0 - 10", "FromBreak": 0.0, "ToBreak": 10.0, "OBJECTID_1": 0, "stroke": null, "stroke_wid": 0, "stroke_opa": 0, "fill": null, "fill_opaci": 0.0, "name_1": null, "adddress": null, "address": null, "centroides": 0, "centroid": null, "ORIG_FID": 0, "OBJECTID_2": 0, "stroke_1": null, "stroke_w_1": 0, "stroke_o_1": 0, "fill_1": null, "fill_opa_1": 0.0, "name_12": null, "adddress_1": null, "address_1": null, "area": 0, "centroid_1": null, "Shape_Leng": 0.0, "Shape_Area": 0.0 }, "geometry": { "type": "MultiPolygon", "coordinates": [ [ [ [ -58.436808309871722, -34.6802107987154 ], [ -58.436281822121778, -34.681040237418713 ], [ -58.435215136499863, -34.681193093562626 ], [ -58.434783726214405, -34.681286440712498 ], [ -58.434620227432816, -34.681317676781759 ], [ -58.433937078305902, -34.681458839755244 ], [ -58.433569680662025, -34.681537985178878 ], [ -58.433206989622718, -34.681615122770275 ], [ -58.432920355056311, -34.681672549762801 ], [ -58.431945401241983, -34.681285011904471 ], [ -58.431789013183021, -34.681319611831277 ], [ -58.431179048658905, -34.682057814473417 ], [ -58.431030412909472, -34.682067725085673 ], [ -58.430045674811652, -34.681687938279815 ], [ -58.429827188866817, -34.681734183998316 ], [ -58.429184867617849, -34.682458356834388 ], [ -58.428715075856786, -34.683267898630227 ], [ -58.428774194505209, -34.68346250681104 ], [ -58.42965104961128, -34.683992894542357 ], [ -58.429687996236503, -34.684114540932136 ], [ -58.429218477119235, -34.684920298437113 ], [ -58.429249895252354, -34.68502350186094 ], [ -58.430124988103266, -34.685549944221471 ], [ -58.43019219344869, -34.685793301575806 ], [ -58.429730066632011, -34.686596540552614 ], [ -58.43059641329706, -34.687101887884417 ], [ -58.430698174136452, -34.687463227994769 ], [ -58.430240163371352, -34.688269101888118 ], [ -58.431109584245135, -34.688788470739482 ], [ -58.431195248683046, -34.689076516611109 ], [ -58.430740333999033, -34.689887049097685 ], [ -58.430758563060046, -34.689945596353155 ], [ -58.431630465544259, -34.690474269720148 ], [ -58.432926287586255, -34.691089389464146 ], [ -58.433901150887074, -34.691473830455045 ], [ -58.433968871602239, -34.691459536124249 ], [ -58.434600893983578, -34.690735904307758 ], [ -58.434938664630309, -34.690709903218504 ], [ -58.436188872209009, -34.690455474074611 ], [ -58.437022148747843, -34.690721222314764 ], [ -58.437258165839388, -34.690745483083788 ], [ -58.437259158080927, -34.69074398689186 ], [ -58.437302477844163, -34.690675345389373 ], [ -58.437472894980473, -34.690267930992782 ], [ -58.437644548517262, -34.690247872137789 ], [ -58.437927014179778, -34.689825269964487 ], [ -58.43792910225919, -34.689819626440894 ], [ -58.438018066299342, -34.689699953621918 ], [ -58.438348254582216, -34.689223260987795 ], [ -58.438423000916906, -34.6891848013803 ], [ -58.438776615867262, -34.688695609949093 ], [ -58.438779279705557, -34.688691209755987 ], [ -58.438862502854114, -34.688582322716449 ], [ -58.439182565536363, -34.688153846830865 ], [ -58.439235423639161, -34.688116780016145 ], [ -58.439830798241424, -34.687914574753052 ], [ -58.43983191019246, -34.68791312760051 ], [ -58.439835170259713, -34.687900818390759 ], [ -58.439886158258204, -34.687893338780313 ], [ -58.440096562652236, -34.687906278665984 ], [ -58.441046964070182, -34.688496058999363 ], [ -58.441313517984781, -34.688665956151702 ], [ -58.442233749488423, -34.688060674572306 ], [ -58.442303027725451, -34.687943239843555 ], [ -58.442462080839896, -34.686981889449015 ], [ -58.442120954160607, -34.686870618181423 ], [ -58.442119019121542, -34.686869714515574 ], [ -58.44211329212812, -34.686831873311931 ], [ -58.440961050369907, -34.686324716958161 ], [ -58.440935772271203, -34.686293157494298 ], [ -58.440928802673248, -34.686280796160624 ], [ -58.440472364190839, -34.685696400657726 ], [ -58.440472924454653, -34.685693532315554 ], [ -58.440475037252689, -34.685691724512175 ], [ -58.440475622377335, -34.685688968542287 ], [ -58.440460862477693, -34.685637453599121 ], [ -58.440573729290186, -34.68521397655833 ], [ -58.440594708126518, -34.685124695276137 ], [ -58.440595485320458, -34.685121311512596 ], [ -58.440612716488815, -34.685027585009855 ], [ -58.440622985785041, -34.685019050603692 ], [ -58.440640956560387, -34.684924686225003 ], [ -58.440641343145536, -34.684923004281472 ], [ -58.440660089168979, -34.684844039855875 ], [ -58.440630649089684, -34.684753539331943 ], [ -58.440862245003778, -34.683929453369359 ], [ -58.441033226869401, -34.683072611023775 ], [ -58.440000394003974, -34.68281607124073 ], [ -58.439643115552414, -34.681244968397969 ], [ -58.439616673475101, -34.681237503185237 ], [ -58.438378092130655, -34.681606942972714 ], [ -58.438242164651676, -34.680598354676022 ], [ -58.437790716408131, -34.680498125963467 ], [ -58.437720150940955, -34.680479283327934 ], [ -58.437718204065611, -34.680478756484355 ], [ -58.437439255666447, -34.680387198211434 ], [ -58.437370461430213, -34.680443872254195 ], [ -58.4371287941688, -34.680322666847282 ], [ -58.437038601488226, -34.68029618304417 ], [ -58.437034621171215, -34.680295106921086 ], [ -58.437023026895709, -34.680300638998062 ], [ -58.437027676410068, -34.680286328734745 ], [ -58.437016788312036, -34.680289664955822 ], [ -58.437014823929168, -34.680289134701979 ], [ -58.436966305026594, -34.680275395478226 ], [ -58.436808309871722, -34.6802107987154 ] ] ] ] } },
{ "type": "Feature", "properties": { "ObjectID": 361, "FacilityID": 271, "Name": "Location 4 : 0 - 10", "FromBreak": 0.0, "ToBreak": 10.0, "OBJECTID_1": 0, "stroke": null, "stroke_wid": 0, "stroke_opa": 0, "fill": null, "fill_opaci": 0.0, "name_1": null, "adddress": null, "address": null, "centroides": 0, "centroid": null, "ORIG_FID": 0, "OBJECTID_2": 0, "stroke_1": null, "stroke_w_1": 0, "stroke_o_1": 0, "fill_1": null, "fill_opa_1": 0.0, "name_12": null, "adddress_1": null, "address_1": null, "area": 0, "centroid_1": null, "Shape_Leng": 0.0, "Shape_Area": 0.0 }, "geometry": { "type": "MultiPolygon", "coordinates": [ [ [ [ -58.39099216007687, -34.709343141867613 ], [ -58.390459191902053, -34.709584167451567 ], [ -58.389214152374535, -34.709982726781419 ], [ -58.389089911953477, -34.709975260853604 ], [ -58.387906340742298, -34.709937319732738 ], [ -58.387426915334778, -34.709898424344402 ], [ -58.386043245110756, -34.709832248098344 ], [ -58.385132033711265, -34.710158549911888 ], [ -58.384629241340214, -34.710129197426092 ], [ -58.383293613629704, -34.710483380125829 ], [ -58.383199886985125, -34.711541307240346 ], [ -58.383147576951799, -34.712017964649647 ], [ -58.38306315164224, -34.713019716618035 ], [ -58.383014633769619, -34.71356012717763 ], [ -58.382934103476245, -34.714505279603543 ], [ -58.38288655293865, -34.715064929693071 ], [ -58.382814151124578, -34.71595978084072 ], [ -58.382785968296616, -34.716688400967463 ], [ -58.382723171630516, -34.717421570871942 ], [ -58.383702010118455, -34.717940295100313 ], [ -58.383905302731989, -34.717764596368063 ], [ -58.383906829817739, -34.717763480294764 ], [ -58.383965741208854, -34.717716821409212 ], [ -58.38434932734684, -34.717379191488398 ], [ -58.384458466810848, -34.717379329251287 ], [ -58.384895388981363, -34.717040835459173 ], [ -58.38499092497046, -34.716969634635383 ], [ -58.384994080544708, -34.716967333709164 ], [ -58.385397215634391, -34.716656272177019 ], [ -58.385461568938481, -34.716639379377249 ], [ -58.385879650593765, -34.716324185822806 ], [ -58.38588274687595, -34.71632193241777 ], [ -58.385979661582468, -34.716250508740131 ], [ -58.386389613381041, -34.715941439481227 ], [ -58.386446185872749, -34.71591967739559 ], [ -58.386864956874021, -34.715607114472519 ], [ -58.386957071168368, -34.715539858362334 ], [ -58.38696021617141, -34.715537584546318 ], [ -58.387053530603843, -34.715449060385687 ], [ -58.387118341785026, -34.715421098558004 ], [ -58.387121901233627, -34.71542122297015 ], [ -58.387156488165942, -34.715462594150225 ], [ -58.388707379524106, -34.715547947761877 ], [ -58.388710454933459, -34.715548108290854 ], [ -58.388931212654242, -34.715399518866896 ], [ -58.388957587324946, -34.715387347600434 ], [ -58.389179536619459, -34.715238198841 ], [ -58.389182777619503, -34.715236056369406 ], [ -58.389271653147802, -34.715177348547243 ], [ -58.389626264029907, -34.714946540417863 ], [ -58.389658221541552, -34.7149172656354 ], [ -58.390010576448191, -34.714688493912973 ], [ -58.390013774818364, -34.714686285207485 ], [ -58.390041125885794, -34.714661777756078 ], [ -58.39010709170288, -34.714682034151579 ], [ -58.390399610016516, -34.714847735110801 ], [ -58.39112382825779, -34.715212970542353 ], [ -58.391160775707149, -34.715222135163955 ], [ -58.391163584089313, -34.715223623638103 ], [ -58.391172597441546, -34.715226972803471 ], [ -58.391195365766436, -34.715262666899704 ], [ -58.391222958834149, -34.715606150296104 ], [ -58.391224874492273, -34.715630000185115 ], [ -58.391243104958136, -34.715856932041312 ], [ -58.391262716215444, -34.715879628921449 ], [ -58.391278068313945, -34.716103100976341 ], [ -58.391278259802945, -34.716104823036474 ], [ -58.391284552152136, -34.716174517834148 ], [ -58.391339740799552, -34.716230642533688 ], [ -58.391358503594773, -34.716831405393279 ], [ -58.391470496170541, -34.717426227954036 ], [ -58.392521228977763, -34.717432160010681 ], [ -58.392660831848978, -34.717366336074399 ], [ -58.39355773571279, -34.716916963630311 ], [ -58.394579164728761, -34.716696378878488 ], [ -58.394609841301289, -34.716664473878524 ], [ -58.394526930461936, -34.715772338287984 ], [ -58.394638719971283, -34.71564076114926 ], [ -58.394477767700394, -34.715550498530263 ], [ -58.393921650216377, -34.71365766898127 ], [ -58.393956069192889, -34.71326720588695 ], [ -58.394602429781862, -34.712493138961577 ], [ -58.393674864584405, -34.711963666367481 ], [ -58.392996633565801, -34.711569248501995 ], [ -58.392327645643867, -34.711187554278894 ], [ -58.392646749908124, -34.710246012132338 ], [ -58.391614679119336, -34.710313218162703 ], [ -58.391553927293451, -34.710105369971231 ], [ -58.392590823190723, -34.709718071497392 ], [ -58.392520302191699, -34.709566831874078 ], [ -58.392516587718127, -34.709554123184851 ], [ -58.392495796429337, -34.709392970082256 ], [ -58.391359131140263, -34.709438914433022 ], [ -58.391168359077696, -34.709391075444856 ], [ -58.39099216007687, -34.709343141867613 ] ] ] ] } },
{ "type": "Feature", "properties": { "ObjectID": 362, "FacilityID": 272, "Name": "Location 5 : 0 - 10", "FromBreak": 0.0, "ToBreak": 10.0, "OBJECTID_1": 0, "stroke": null, "stroke_wid": 0, "stroke_opa": 0, "fill": null, "fill_opaci": 0.0, "name_1": null, "adddress": null, "address": null, "centroides": 0, "centroid": null, "ORIG_FID": 0, "OBJECTID_2": 0, "stroke_1": null, "stroke_w_1": 0, "stroke_o_1": 0, "fill_1": null, "fill_opa_1": 0.0, "name_12": null, "adddress_1": null, "address_1": null, "area": 0, "centroid_1": null, "Shape_Leng": 0.0, "Shape_Area": 0.0 }, "geometry": { "type": "MultiPolygon", "coordinates": [ [ [ [ -58.392963755080743, -34.732187077158052 ], [ -58.394112349813525, -34.732437146116233 ], [ -58.394324808261047, -34.732560700759215 ], [ -58.395001002948092, -34.732325360961852 ], [ -58.395424174059393, -34.732400926944258 ], [ -58.396838606485233, -34.732631758503281 ], [ -58.397702558894615, -34.731613895334412 ], [ -58.397992992761552, -34.731546901031543 ], [ -58.399252559399265, -34.730840584746595 ], [ -58.400214530049134, -34.729916989833036 ], [ -58.400446202675845, -34.728651592925665 ], [ -58.401813767904777, -34.727983139951228 ], [ -58.401838117957276, -34.727978574774014 ], [ -58.401832599164926, -34.727958457550429 ], [ -58.401890894810215, -34.727804860875708 ], [ -58.402277820292738, -34.727147240984763 ], [ -58.402277110178602, -34.727144690288945 ], [ -58.401474258548937, -34.726440802579297 ], [ -58.401374179156811, -34.726311619273332 ], [ -58.40137039563804, -34.726297989648643 ], [ -58.401381414377262, -34.726207070223559 ], [ -58.401410035416745, -34.726005419221295 ], [ -58.401596925658779, -34.725339633854453 ], [ -58.401595090176471, -34.725338706778167 ], [ -58.401366402921887, -34.725100702278496 ], [ -58.400877567514911, -34.724604269115915 ], [ -58.400864630437525, -34.724554207573071 ], [ -58.399727508377069, -34.724274295466756 ], [ -58.39951249362538, -34.724108689028355 ], [ -58.398317793259437, -34.723403191844291 ], [ -58.39778074400062, -34.723089500343839 ], [ -58.397078390465062, -34.722683930899535 ], [ -58.396054548450813, -34.72207432913244 ], [ -58.395838435260217, -34.721947479459295 ], [ -58.394457760150658, -34.721163087177118 ], [ -58.393155246752443, -34.721639373688802 ], [ -58.392997575479548, -34.721774463009965 ], [ -58.392373962203351, -34.72238908910326 ], [ -58.392077151903393, -34.723258309620192 ], [ -58.392049838198751, -34.723299107743124 ], [ -58.392097195748946, -34.723645795916347 ], [ -58.392101099403384, -34.7236743730463 ], [ -58.392093201904814, -34.723690104994994 ], [ -58.39213845629974, -34.724036013176836 ], [ -58.392182972436203, -34.724376279317603 ], [ -58.392175950813396, -34.724397634573393 ], [ -58.392176306943384, -34.72440103482716 ], [ -58.392191721466581, -34.724534707981611 ], [ -58.392183169416214, -34.724561994357849 ], [ -58.392332362677188, -34.725786179063434 ], [ -58.392325490225652, -34.725825287017791 ], [ -58.392320582047311, -34.725853217657075 ], [ -58.392463687394553, -34.72707947785689 ], [ -58.392459832790706, -34.72711574546971 ], [ -58.392475265141478, -34.727260764255853 ], [ -58.39247562026906, -34.727264168123732 ], [ -58.392533515766821, -34.727879884158988 ], [ -58.392555839196582, -34.727943733296144 ], [ -58.392610703940484, -34.728550516540892 ], [ -58.392615314944429, -34.72860151332408 ], [ -58.3926711246013, -34.729218745593535 ], [ -58.392700510883053, -34.729283435983426 ], [ -58.392750681777493, -34.729887843606548 ], [ -58.392753788940254, -34.729925263719132 ], [ -58.39277767701055, -34.730213049102979 ], [ -58.392795620210705, -34.730242285831451 ], [ -58.392825666919919, -34.730310716349926 ], [ -58.392401509598137, -34.731360945189969 ], [ -58.392948435990277, -34.73218269254604 ], [ -58.392963755080743, -34.732187077158052 ] ] ] ] } },
{ "type": "Feature", "properties": { "ObjectID": 363, "FacilityID": 273, "Name": "Location 6 : 0 - 10", "FromBreak": 0.0, "ToBreak": 10.0, "OBJECTID_1": 0, "stroke": null, "stroke_wid": 0, "stroke_opa": 0, "fill": null, "fill_opaci": 0.0, "name_1": null, "adddress": null, "address": null, "centroides": 0, "centroid": null, "ORIG_FID": 0, "OBJECTID_2": 0, "stroke_1": null, "stroke_w_1": 0, "stroke_o_1": 0, "fill_1": null, "fill_opa_1": 0.0, "name_12": null, "adddress_1": null, "address_1": null, "area": 0, "centroid_1": null, "Shape_Leng": 0.0, "Shape_Area": 0.0 }, "geometry": { "type": "MultiPolygon", "coordinates": [ [ [ [ -58.381692223256977, -34.718145863490385 ], [ -58.382683038979508, -34.718216582514636 ], [ -58.383807833902857, -34.717797472931849 ], [ -58.383870877473335, -34.717788902518159 ], [ -58.383874117051839, -34.717786332970448 ], [ -58.38397215504714, -34.717713855261657 ], [ -58.384391838038503, -34.717388439147634 ], [ -58.38445929742376, -34.717370549848034 ], [ -58.38489530716658, -34.71704057680563 ], [ -58.384981770499735, -34.71697726123849 ], [ -58.384984876472778, -34.71697499692975 ], [ -58.385174256732725, -34.716842388354173 ], [ -58.385186559932713, -34.716821450208869 ], [ -58.385374697476045, -34.716690879850255 ], [ -58.385377830456093, -34.716688599901843 ], [ -58.385456464168918, -34.716631360598697 ], [ -58.38565621817267, -34.716479119455926 ], [ -58.385685637320648, -34.716470698952591 ], [ -58.385888494698484, -34.716317528011203 ], [ -58.385891602849753, -34.716315266358897 ], [ -58.385980212347924, -34.716251003614317 ], [ -58.386411226128466, -34.715948101311746 ], [ -58.386440065011378, -34.715898199812997 ], [ -58.386864344323207, -34.715606514849853 ], [ -58.386957761288102, -34.715540396712129 ], [ -58.386960851279504, -34.715538162279728 ], [ -58.3877199615102, -34.714647463312339 ], [ -58.387763566701082, -34.71376275330195 ], [ -58.38784596299665, -34.713107624878269 ], [ -58.387911110368236, -34.712282204024035 ], [ -58.387945252673489, -34.711624872493644 ], [ -58.388006146554126, -34.710858215402482 ], [ -58.388082008409519, -34.710096603670053 ], [ -58.388135139381724, -34.709393139832827 ], [ -58.387185786005944, -34.709350810944564 ], [ -58.38635046692189, -34.70928099147357 ], [ -58.385410971936949, -34.70922717071862 ], [ -58.38461019784333, -34.709171407411731 ], [ -58.383564758461581, -34.709107514284135 ], [ -58.382859877725096, -34.709071625278831 ], [ -58.381738855750115, -34.709005985733057 ], [ -58.381132970778587, -34.708956520952995 ], [ -58.379896232486821, -34.708885665880771 ], [ -58.379544709975868, -34.708827565797883 ], [ -58.378119534482821, -34.70883115570296 ], [ -58.377051257886436, -34.70961598828179 ], [ -58.377064149653165, -34.710911864768661 ], [ -58.376896666896123, -34.711061324277502 ], [ -58.376883852175034, -34.711207157161873 ], [ -58.376153747570612, -34.71184674912972 ], [ -58.376770909221129, -34.712599186681039 ], [ -58.376685241905093, -34.713493787748803 ], [ -58.376654489290303, -34.714058151226745 ], [ -58.376569728265345, -34.714952640853618 ], [ -58.376533982121011, -34.715520838107857 ], [ -58.376471313362529, -34.716388657960657 ], [ -58.376416121680919, -34.717016376227775 ], [ -58.376339221172195, -34.717831962147585 ], [ -58.377334587883894, -34.717897747601278 ], [ -58.378127350684146, -34.717946160068038 ], [ -58.379126985331638, -34.718007510179632 ], [ -58.379910442565333, -34.71803821594257 ], [ -58.380884903576096, -34.718093300294591 ], [ -58.381692223256977, -34.718145863490385 ] ] ] ] } },
{ "type": "Feature", "properties": { "ObjectID": 364, "FacilityID": 274, "Name": "Location 7 : 0 - 10", "FromBreak": 0.0, "ToBreak": 10.0, "OBJECTID_1": 0, "stroke": null, "stroke_wid": 0, "stroke_opa": 0, "fill": null, "fill_opaci": 0.0, "name_1": null, "adddress": null, "address": null, "centroides": 0, "centroid": null, "ORIG_FID": 0, "OBJECTID_2": 0, "stroke_1": null, "stroke_w_1": 0, "stroke_o_1": 0, "fill_1": null, "fill_opa_1": 0.0, "name_12": null, "adddress_1": null, "address_1": null, "area": 0, "centroid_1": null, "Shape_Leng": 0.0, "Shape_Area": 0.0 }, "geometry": { "type": "MultiPolygon", "coordinates": [ [ [ [ -58.374470063300578, -34.719152919804294 ], [ -58.375246457338584, -34.719771594596359 ], [ -58.375277817220926, -34.719773443391752 ], [ -58.37615280253339, -34.719252139480126 ], [ -58.376306727189544, -34.719233936660906 ], [ -58.378067828586566, -34.719343947297666 ], [ -58.378899049591375, -34.719397608669581 ], [ -58.378963136358934, -34.718711908134296 ], [ -58.379042703218133, -34.717926155555155 ], [ -58.379106611499097, -34.717248950098231 ], [ -58.379174602085349, -34.716473840595881 ], [ -58.379232869902069, -34.715761486424078 ], [ -58.379318832272965, -34.715013539491636 ], [ -58.379375823078284, -34.714285788579474 ], [ -58.379432987618515, -34.713484217293058 ], [ -58.379490288318387, -34.712845286390561 ], [ -58.379559132848669, -34.711927398914895 ], [ -58.379616421412507, -34.711396606380568 ], [ -58.378981910889749, -34.711351164279513 ], [ -58.377950593221762, -34.710320355583718 ], [ -58.377963384774247, -34.710152910663808 ], [ -58.377707391008116, -34.710153495842057 ], [ -58.376404452484039, -34.710110356311887 ], [ -58.375740641885038, -34.710116020202356 ], [ -58.374569615381439, -34.709991706826038 ], [ -58.374025265975916, -34.709960999242746 ], [ -58.372779139223113, -34.709902615406925 ], [ -58.372245708045114, -34.70987482243013 ], [ -58.371022559486541, -34.709788016662813 ], [ -58.370472934041651, -34.709757838360012 ], [ -58.369150017476187, -34.709691620202378 ], [ -58.36866841251296, -34.709665577031778 ], [ -58.368636183519733, -34.710063505550615 ], [ -58.368514129728908, -34.711534641840288 ], [ -58.368457503285349, -34.711943704474258 ], [ -58.368369363243133, -34.71306202648816 ], [ -58.368292514738869, -34.713725342954454 ], [ -58.368219816378428, -34.714565193215151 ], [ -58.368142912685016, -34.715494999611479 ], [ -58.368096878729638, -34.716053862807968 ], [ -58.367986140323865, -34.717270747200956 ], [ -58.3679623344769, -34.717569199418897 ], [ -58.368322762754374, -34.717590682459942 ], [ -58.369222011519938, -34.718435559177934 ], [ -58.369188004092791, -34.718864749344178 ], [ -58.369702701137008, -34.71889370933723 ], [ -58.370885619095176, -34.718955465325834 ], [ -58.371860412891522, -34.719012747954189 ], [ -58.372713536291364, -34.719048145860818 ], [ -58.374003372327316, -34.71912720789156 ], [ -58.374470063300578, -34.719152919804294 ] ] ] ] } },
{ "type": "Feature", "properties": { "ObjectID": 365, "FacilityID": 275, "Name": "Location 8 : 0 - 10", "FromBreak": 0.0, "ToBreak": 10.0, "OBJECTID_1": 0, "stroke": null, "stroke_wid": 0, "stroke_opa": 0, "fill": null, "fill_opaci": 0.0, "name_1": null, "adddress": null, "address": null, "centroides": 0, "centroid": null, "ORIG_FID": 0, "OBJECTID_2": 0, "stroke_1": null, "stroke_w_1": 0, "stroke_o_1": 0, "fill_1": null, "fill_opa_1": 0.0, "name_12": null, "adddress_1": null, "address_1": null, "area": 0, "centroid_1": null, "Shape_Leng": 0.0, "Shape_Area": 0.0 }, "geometry": { "type": "MultiPolygon", "coordinates": [ [ [ [ -58.42942082788786, -34.666802014993557 ], [ -58.428046914865838, -34.667005849764017 ], [ -58.426923444220741, -34.667714822792178 ], [ -58.426547370409196, -34.667878924837517 ], [ -58.425529340923092, -34.668731860451281 ], [ -58.425418276261318, -34.668782419919808 ], [ -58.425282708316921, -34.668894199562175 ], [ -58.42527973787918, -34.668896630040834 ], [ -58.424967049545373, -34.669031603991556 ], [ -58.42490824167762, -34.6690521271344 ], [ -58.42490513409291, -34.669050563596151 ], [ -58.424845642896997, -34.669035582158813 ], [ -58.424372842868927, -34.668786112812136 ], [ -58.42428029885393, -34.668738630383054 ], [ -58.424276758429905, -34.668736825822116 ], [ -58.424229863031115, -34.668714233853024 ], [ -58.424226492040866, -34.668709835976699 ], [ -58.424179509712921, -34.668687135040805 ], [ -58.424175966314138, -34.668685347636966 ], [ -58.424081580024385, -34.668637615277461 ], [ -58.423773334460947, -34.668478398451008 ], [ -58.423733907893272, -34.668471301300421 ], [ -58.423430271437574, -34.668312962628626 ], [ -58.423336245814816, -34.66826579330634 ], [ -58.423332694111252, -34.668264028507714 ], [ -58.42318468740244, -34.668187204590282 ], [ -58.423164660420646, -34.668185496951672 ], [ -58.423018190419128, -34.66810882343426 ], [ -58.4229366338133, -34.668068182601104 ], [ -58.422933076780723, -34.668066424162099 ], [ -58.422834120991048, -34.66801435736533 ], [ -58.422819904279983, -34.668014306096794 ], [ -58.422721877289462, -34.667962256306168 ], [ -58.422718317560488, -34.667960467246864 ], [ -58.422644271758337, -34.667922668782211 ], [ -58.422349861942273, -34.667763304808069 ], [ -58.422304452512911, -34.667764143845936 ], [ -58.422019729661976, -34.667604749843463 ], [ -58.42190529568105, -34.667546475093104 ], [ -58.42190177801875, -34.667544719769346 ], [ -58.421607082148, -34.66738690488296 ], [ -58.421544771044772, -34.66740496696012 ], [ -58.421274039806619, -34.667240663370862 ], [ -58.421228925427435, -34.667216224251057 ], [ -58.421227170804698, -34.667215368612837 ], [ -58.42099860884322, -34.66707603719351 ], [ -58.420154558212573, -34.66773273298049 ], [ -58.418591809707969, -34.667779852741447 ], [ -58.417874287332538, -34.668371571237422 ], [ -58.41714646925594, -34.66846746396083 ], [ -58.416551655464765, -34.668323871460515 ], [ -58.417066997718649, -34.668733645280966 ], [ -58.416712030628808, -34.669573731466706 ], [ -58.417934993785799, -34.670046721520727 ], [ -58.417197247115261, -34.670679856074074 ], [ -58.417726422536226, -34.671239700262809 ], [ -58.41776234471088, -34.671356079101194 ], [ -58.417757526095805, -34.67138893199629 ], [ -58.41776835731708, -34.671416848314315 ], [ -58.417742307561042, -34.671444913316847 ], [ -58.417739966554876, -34.671447678800178 ], [ -58.417513641849169, -34.67166661423434 ], [ -58.417606958826127, -34.671803981948457 ], [ -58.417639167533167, -34.672130041684923 ], [ -58.417625641745708, -34.672140871700819 ], [ -58.417615016655894, -34.672152585535464 ], [ -58.417585145408431, -34.672170563056369 ], [ -58.418073335476976, -34.672579898795604 ], [ -58.418403880072049, -34.673709971008527 ], [ -58.418477822271271, -34.674715738802156 ], [ -58.419020475749925, -34.675075107376841 ], [ -58.418674534317631, -34.676000345181684 ], [ -58.418955150188737, -34.67613534295738 ], [ -58.419042393980426, -34.676181612933135 ], [ -58.419307791442598, -34.676336194575526 ], [ -58.420182072823145, -34.675691162328235 ], [ -58.420197560729569, -34.675698749543081 ], [ -58.419969479316265, -34.676870979672806 ], [ -58.420021934857125, -34.676877461994003 ], [ -58.420021904451062, -34.676879387595669 ], [ -58.420493530073372, -34.677255496122093 ], [ -58.420507685688555, -34.677291741377616 ], [ -58.421182315084558, -34.677040311919292 ], [ -58.421242837706579, -34.676977498008668 ], [ -58.421516994852894, -34.676672857069313 ], [ -58.422869657777994, -34.676630794212457 ], [ -58.423278460119079, -34.676773201266997 ], [ -58.423293130448883, -34.676754595889534 ], [ -58.42386563574312, -34.676956131820624 ], [ -58.42401845508892, -34.677010772457017 ], [ -58.424036499024766, -34.677001803378374 ], [ -58.425004859756719, -34.676520475147939 ], [ -58.425232377415639, -34.676504600305385 ], [ -58.426262099908186, -34.675774089664898 ], [ -58.42651828589095, -34.67565837437408 ], [ -58.428033979146861, -34.675375214571226 ], [ -58.428336907182846, -34.675290125792309 ], [ -58.429762882502821, -34.674986699358712 ], [ -58.430082093463511, -34.673912853256411 ], [ -58.429852212020215, -34.67317326458425 ], [ -58.429667791429566, -34.672450291748021 ], [ -58.429572682344578, -34.671991114017672 ], [ -58.429803614622763, -34.670548306637158 ], [ -58.429214536486164, -34.669665250432594 ], [ -58.429213030729066, -34.669664537107856 ], [ -58.429204821225028, -34.669633219218973 ], [ -58.429190935511926, -34.669598596901601 ], [ -58.429534984090928, -34.668908211757326 ], [ -58.428978366313267, -34.668114600146247 ], [ -58.429032400982429, -34.667941771485943 ], [ -58.429574750708547, -34.667091249396492 ], [ -58.429518548809654, -34.666945500496269 ], [ -58.429431087533281, -34.666951416830912 ], [ -58.42942082788786, -34.666802014993557 ] ] ] ] } },
{ "type": "Feature", "properties": { "ObjectID": 366, "FacilityID": 276, "Name": "Location 9 : 0 - 10", "FromBreak": 0.0, "ToBreak": 10.0, "OBJECTID_1": 0, "stroke": null, "stroke_wid": 0, "stroke_opa": 0, "fill": null, "fill_opaci": 0.0, "name_1": null, "adddress": null, "address": null, "centroides": 0, "centroid": null, "ORIG_FID": 0, "OBJECTID_2": 0, "stroke_1": null, "stroke_w_1": 0, "stroke_o_1": 0, "fill_1": null, "fill_opa_1": 0.0, "name_12": null, "adddress_1": null, "address_1": null, "area": 0, "centroid_1": null, "Shape_Leng": 0.0, "Shape_Area": 0.0 }, "geometry": { "type": "MultiPolygon", "coordinates": [ [ [ [ -58.418154849013533, -34.681328264795269 ], [ -58.418025435862624, -34.681344775162387 ], [ -58.417030264902131, -34.680981032903766 ], [ -58.416300585287928, -34.681727957302535 ], [ -58.41622321033072, -34.681747544735316 ], [ -58.414538208524071, -34.682107373095469 ], [ -58.414222548682318, -34.682180362648076 ], [ -58.412794165329608, -34.682471099473759 ], [ -58.412029322128369, -34.682218911558834 ], [ -58.411754875291429, -34.682148830776441 ], [ -58.41176040140261, -34.682155493411486 ], [ -58.411718726958334, -34.682211253155963 ], [ -58.411666369785053, -34.682193632888279 ], [ -58.411665985937219, -34.682193710342631 ], [ -58.410803372496751, -34.682911687958153 ], [ -58.409978191545846, -34.683116307316816 ], [ -58.409374206892423, -34.683914279895653 ], [ -58.409466522676716, -34.684827377969512 ], [ -58.409342433619685, -34.685170614061761 ], [ -58.409357368830101, -34.685431057366209 ], [ -58.409503121245137, -34.686368749248679 ], [ -58.409488508223468, -34.686497868401077 ], [ -58.409571270768225, -34.687591400764347 ], [ -58.409804183168355, -34.688184820944763 ], [ -58.409741488833426, -34.688650688993 ], [ -58.409930674374095, -34.689697663211831 ], [ -58.410547085857715, -34.690430055664081 ], [ -58.410540200510411, -34.69047869285059 ], [ -58.410506200181068, -34.691073484512614 ], [ -58.41125072135457, -34.691110618403265 ], [ -58.411856736330471, -34.691268213098141 ], [ -58.412863147975408, -34.69127839727841 ], [ -58.413583725855524, -34.691307705931081 ], [ -58.413591607704234, -34.691307442341078 ], [ -58.414449566580181, -34.691264081139877 ], [ -58.415924664756595, -34.691153416505777 ], [ -58.416125718127645, -34.691145912776896 ], [ -58.417065374870937, -34.691712241153667 ], [ -58.417799788204249, -34.691056300699827 ], [ -58.418107937318609, -34.691006760516665 ], [ -58.419255588505017, -34.691342607966334 ], [ -58.419537453203958, -34.691060765584204 ], [ -58.419606203627659, -34.690996660559321 ], [ -58.419607552422697, -34.690995384784735 ], [ -58.419578858000335, -34.690887669299769 ], [ -58.419903369020808, -34.690068418880145 ], [ -58.420525688863123, -34.689175302280994 ], [ -58.420336159708242, -34.688561708464462 ], [ -58.421313700000894, -34.687081734438152 ], [ -58.421200623267517, -34.6856238803785 ], [ -58.421119193633267, -34.685377764183606 ], [ -58.420965689647858, -34.684152659529097 ], [ -58.420691034595961, -34.683953291919984 ], [ -58.420677972252967, -34.683914822124649 ], [ -58.420784499181558, -34.683686619400426 ], [ -58.421101116561381, -34.683118737977395 ], [ -58.420231704078397, -34.682478239431397 ], [ -58.420184044591309, -34.682331121469403 ], [ -58.419978351998417, -34.681574509082665 ], [ -58.419797363256762, -34.681005585814304 ], [ -58.418902063476864, -34.680649609503902 ], [ -58.418898789548344, -34.680653663959959 ], [ -58.418154849013533, -34.681328264795269 ] ] ] ] } },
{ "type": "Feature", "properties": { "ObjectID": 367, "FacilityID": 277, "Name": "Location 10 : 0 - 10", "FromBreak": 0.0, "ToBreak": 10.0, "OBJECTID_1": 0, "stroke": null, "stroke_wid": 0, "stroke_opa": 0, "fill": null, "fill_opaci": 0.0, "name_1": null, "adddress": null, "address": null, "centroides": 0, "centroid": null, "ORIG_FID": 0, "OBJECTID_2": 0, "stroke_1": null, "stroke_w_1": 0, "stroke_o_1": 0, "fill_1": null, "fill_opa_1": 0.0, "name_12": null, "adddress_1": null, "address_1": null, "area": 0, "centroid_1": null, "Shape_Leng": 0.0, "Shape_Area": 0.0 }, "geometry": { "type": "MultiPolygon", "coordinates": [ [ [ [ -58.375782578952339, -34.689039396193479 ], [ -58.375679280478671, -34.689144298218892 ], [ -58.375654202620275, -34.689145042811028 ], [ -58.375546997071886, -34.689250127639198 ], [ -58.375544181638332, -34.689252627282031 ], [ -58.375478566424015, -34.689312078352373 ], [ -58.375174371028443, -34.689600345051318 ], [ -58.375117250122535, -34.689615312809181 ], [ -58.374798968352856, -34.68990749341927 ], [ -58.374796142727646, -34.689909973330671 ], [ -58.374711843832515, -34.689985073793117 ], [ -58.374369746309576, -34.690298825083588 ], [ -58.374317208224824, -34.690321006464949 ], [ -58.373965963707178, -34.690638740961184 ], [ -58.373895462396852, -34.690699408109793 ], [ -58.373892598234058, -34.690701870408333 ], [ -58.373555497335147, -34.690977272499104 ], [ -58.373532999713213, -34.691017252538444 ], [ -58.373199556123758, -34.691286363463661 ], [ -58.373012205760965, -34.69144896314571 ], [ -58.373004824704893, -34.691455047417456 ], [ -58.372699010805114, -34.691737547803015 ], [ -58.372652456796594, -34.691757545627347 ], [ -58.372339441920317, -34.692043235856836 ], [ -58.372276539306888, -34.692097918153529 ], [ -58.372273681817468, -34.692100393859562 ], [ -58.372057730990939, -34.692277700432143 ], [ -58.372043483437267, -34.692303012679382 ], [ -58.371829007666015, -34.692477782104923 ], [ -58.371471077241956, -34.69283045033464 ], [ -58.371463822209051, -34.692847759253901 ], [ -58.371424573262466, -34.692934102064022 ], [ -58.370679651083414, -34.693526841608026 ], [ -58.371108762042532, -34.694409376842962 ], [ -58.370119200362481, -34.693929347461051 ], [ -58.369973960953224, -34.694086362055764 ], [ -58.369972541491961, -34.69408757138573 ], [ -58.3699444676352, -34.694112353825467 ], [ -58.369913519179519, -34.694128981728788 ], [ -58.369925877313001, -34.694143316467077 ], [ -58.369892754245363, -34.694157381073985 ], [ -58.370402250820014, -34.695620660537237 ], [ -58.370443409795826, -34.695780620314402 ], [ -58.370481390742121, -34.696720498624622 ], [ -58.370457456326733, -34.697272702434638 ], [ -58.371384358314657, -34.698022509627741 ], [ -58.372078659558525, -34.698047846056539 ], [ -58.373607727839122, -34.698163097871756 ], [ -58.37366451617973, -34.698160719875304 ], [ -58.37524498015204, -34.698109700631164 ], [ -58.375768945599241, -34.698165452223556 ], [ -58.376856204074905, -34.698128903237517 ], [ -58.377835717212328, -34.698149051052496 ], [ -58.378963667906916, -34.698111401176611 ], [ -58.379565884694138, -34.698107774812776 ], [ -58.380447600522579, -34.69807021747053 ], [ -58.381320086062331, -34.698070020502577 ], [ -58.381486434411698, -34.698070267980881 ], [ -58.381489007649094, -34.697938752902701 ], [ -58.381518036348275, -34.696780033748382 ], [ -58.381511811578768, -34.696388720990186 ], [ -58.3814758805201, -34.695227201234729 ], [ -58.38146766574264, -34.694929714758388 ], [ -58.381438416339726, -34.693721049393858 ], [ -58.381434314009269, -34.693208511522251 ], [ -58.381465923708049, -34.693021116010407 ], [ -58.381371556654926, -34.691677402187217 ], [ -58.381358234071094, -34.691497876334864 ], [ -58.381223912929208, -34.690304372008356 ], [ -58.381190890680017, -34.689890524495972 ], [ -58.380692304139558, -34.689915616584415 ], [ -58.380369509470043, -34.688893805673921 ], [ -58.38011368711858, -34.688652411257991 ], [ -58.379023660917596, -34.689057460467367 ], [ -58.378104284359885, -34.68896054719788 ], [ -58.377030870470762, -34.688777234968299 ], [ -58.376523373163145, -34.688469577384645 ], [ -58.375782578952339, -34.689039396193479 ] ] ] ] } },
{ "type": "Feature", "properties": { "ObjectID": 368, "FacilityID": 278, "Name": "Location 11 : 0 - 10", "FromBreak": 0.0, "ToBreak": 10.0, "OBJECTID_1": 0, "stroke": null, "stroke_wid": 0, "stroke_opa": 0, "fill": null, "fill_opaci": 0.0, "name_1": null, "adddress": null, "address": null, "centroides": 0, "centroid": null, "ORIG_FID": 0, "OBJECTID_2": 0, "stroke_1": null, "stroke_w_1": 0, "stroke_o_1": 0, "fill_1": null, "fill_opa_1": 0.0, "name_12": null, "adddress_1": null, "address_1": null, "area": 0, "centroid_1": null, "Shape_Leng": 0.0, "Shape_Area": 0.0 }, "geometry": { "type": "MultiPolygon", "coordinates": [ [ [ [ -58.365098986224439, -34.698290585888813 ], [ -58.365761553422047, -34.699052941752342 ], [ -58.365323537131566, -34.69978687767874 ], [ -58.365162003870608, -34.699940004182139 ], [ -58.365159082792687, -34.699942491252664 ], [ -58.364919172910163, -34.700031338809339 ], [ -58.364866467889684, -34.700053651454681 ], [ -58.364864419068894, -34.700053630240141 ], [ -58.364821989969947, -34.700033795691859 ], [ -58.363264114002376, -34.699952806018693 ], [ -58.363266506276709, -34.700067639396465 ], [ -58.362696369321057, -34.700390910448121 ], [ -58.362322682400119, -34.700758405855581 ], [ -58.362238398619922, -34.700775322632488 ], [ -58.361833730682328, -34.701149552529181 ], [ -58.361757659778689, -34.701215405436649 ], [ -58.361754817735438, -34.70121786270068 ], [ -58.361346444366085, -34.701548238181999 ], [ -58.361330658302109, -34.701612503270624 ], [ -58.360928179807445, -34.701920993730795 ], [ -58.359998059684735, -34.702731340205254 ], [ -58.360501785780912, -34.703238247464895 ], [ -58.360037814072108, -34.702958828484959 ], [ -58.359826366863174, -34.702825001051586 ], [ -58.359770826976764, -34.702899965051259 ], [ -58.35976940173132, -34.702901172526197 ], [ -58.359732435889363, -34.702932431558779 ], [ -58.359604538651645, -34.703010733950329 ], [ -58.360286196946838, -34.703756094412704 ], [ -58.36036323375977, -34.704424689060836 ], [ -58.361523649600059, -34.705038135200745 ], [ -58.362263652185092, -34.705436885295015 ], [ -58.362694553805937, -34.706166207035139 ], [ -58.362686435688069, -34.706555179561832 ], [ -58.36254689645515, -34.707477835083843 ], [ -58.36257420525677, -34.707465496813214 ], [ -58.362576810356721, -34.707468346545916 ], [ -58.362772638495322, -34.707614125894644 ], [ -58.362739239369589, -34.707673510895489 ], [ -58.362919918351523, -34.707847536077928 ], [ -58.362921155331897, -34.707848888665644 ], [ -58.362972322628217, -34.707904894927267 ], [ -58.363241147349029, -34.708226360105023 ], [ -58.364441239760588, -34.707998561373195 ], [ -58.36491291635555, -34.707954540182705 ], [ -58.365734221736616, -34.708029334053123 ], [ -58.36686187294476, -34.7080264417244 ], [ -58.366952257207998, -34.708033772182517 ], [ -58.36705761746304, -34.707907114985929 ], [ -58.36776194340694, -34.708576845520767 ], [ -58.368685638670811, -34.708066542196775 ], [ -58.369578691443458, -34.707536007967242 ], [ -58.370797456626121, -34.707155348989332 ], [ -58.371093846716747, -34.707175194252599 ], [ -58.372017856438418, -34.707210453372809 ], [ -58.372048613285486, -34.706283224126594 ], [ -58.372063030003964, -34.706147134966237 ], [ -58.371956093720009, -34.705430762567175 ], [ -58.371970403708872, -34.704709105661387 ], [ -58.371876169333106, -34.703316944991357 ], [ -58.371890614206457, -34.703079372258578 ], [ -58.371874244586081, -34.702550518326916 ], [ -58.371961205915063, -34.701380301598526 ], [ -58.371974266632016, -34.701215054074595 ], [ -58.371477285532393, -34.700429410375989 ], [ -58.371475969813027, -34.699985032990043 ], [ -58.371374206225326, -34.69883308238667 ], [ -58.370324357363081, -34.698808612737047 ], [ -58.369571750593373, -34.698250664733379 ], [ -58.369565806540152, -34.698272743997457 ], [ -58.368479479419804, -34.698743499702829 ], [ -58.367912175673013, -34.698672905802574 ], [ -58.366986887953566, -34.698576120475757 ], [ -58.366942443406195, -34.69857678765257 ], [ -58.36630793926895, -34.698576196197614 ], [ -58.365349920571759, -34.69807163710535 ], [ -58.365246810591358, -34.698194601041351 ], [ -58.365098986224439, -34.698290585888813 ] ] ] ] } },
{ "type": "Feature", "properties": { "ObjectID": 369, "FacilityID": 279, "Name": "Location 12 : 0 - 10", "FromBreak": 0.0, "ToBreak": 10.0, "OBJECTID_1": 0, "stroke": null, "stroke_wid": 0, "stroke_opa": 0, "fill": null, "fill_opaci": 0.0, "name_1": null, "adddress": null, "address": null, "centroides": 0, "centroid": null, "ORIG_FID": 0, "OBJECTID_2": 0, "stroke_1": null, "stroke_w_1": 0, "stroke_o_1": 0, "fill_1": null, "fill_opa_1": 0.0, "name_12": null, "adddress_1": null, "address_1": null, "area": 0, "centroid_1": null, "Shape_Leng": 0.0, "Shape_Area": 0.0 }, "geometry": { "type": "MultiPolygon", "coordinates": [ [ [ [ -58.346675380482594, -34.737011416458181 ], [ -58.347739073008739, -34.737581771773606 ], [ -58.348105447852475, -34.738129770307779 ], [ -58.348800970592613, -34.737980261144536 ], [ -58.349708584926411, -34.737489466253081 ], [ -58.35081335553248, -34.737389949020596 ], [ -58.351606953643021, -34.737453340638901 ], [ -58.352207537022863, -34.73784992032283 ], [ -58.352471594020642, -34.738020486674046 ], [ -58.352472625916327, -34.738019688349794 ], [ -58.352283909324008, -34.737790912836019 ], [ -58.351844249152002, -34.737269997447321 ], [ -58.352002330538355, -34.737148392204858 ], [ -58.353082901041951, -34.737579099190377 ], [ -58.353356587650374, -34.737339685093389 ], [ -58.353399386301952, -34.737305968283565 ], [ -58.35340090138925, -34.737304805850947 ], [ -58.353454228511275, -34.73727161466649 ], [ -58.353447935266161, -34.737257497616774 ], [ -58.353502136637289, -34.737226365256205 ], [ -58.353505204543382, -34.737224011126401 ], [ -58.353578916797247, -34.737166147353129 ], [ -58.353822988461097, -34.736938492096421 ], [ -58.353893895744548, -34.73694396989093 ], [ -58.354166126784889, -34.736717999154713 ], [ -58.354238609112059, -34.736662233449117 ], [ -58.35424164804612, -34.736659912972563 ], [ -58.354347054496664, -34.736586945068957 ], [ -58.354347412183913, -34.736569589518247 ], [ -58.354452712156757, -34.736498940938752 ], [ -58.354455792266911, -34.736496601972291 ], [ -58.354531360789018, -34.736438760250394 ], [ -58.354766069179774, -34.736240573625658 ], [ -58.354814048762059, -34.73623730342532 ], [ -58.355060689476083, -34.736038105598041 ], [ -58.355063718657235, -34.736035792420452 ], [ -58.35515500637478, -34.735966241948276 ], [ -58.355799433521661, -34.73517940864987 ], [ -58.355831377885146, -34.734202585992492 ], [ -58.355857618279956, -34.733802699260167 ], [ -58.355904102055334, -34.732743512871039 ], [ -58.355911806163348, -34.73244692158309 ], [ -58.355960081168682, -34.731252288673879 ], [ -58.355967097190806, -34.731072386289938 ], [ -58.35601739162756, -34.729798724180419 ], [ -58.356009797931009, -34.729725702400692 ], [ -58.35607254904194, -34.728363198301032 ], [ -58.356080407004711, -34.728148103769385 ], [ -58.355246610817858, -34.727613039533054 ], [ -58.35526351860176, -34.727130741859007 ], [ -58.354134346120915, -34.726553142986042 ], [ -58.354028284515962, -34.726549040285583 ], [ -58.352712866132833, -34.726183297599043 ], [ -58.352377588005524, -34.725874350232665 ], [ -58.351971723418487, -34.726043943659207 ], [ -58.351378298098005, -34.726390505710349 ], [ -58.350694426740624, -34.726520810049969 ], [ -58.349987461807999, -34.727146092474442 ], [ -58.349997104538744, -34.727183734427008 ], [ -58.350950177349063, -34.727519144512897 ], [ -58.350600550643811, -34.728451148558072 ], [ -58.350599120546484, -34.728454843666796 ], [ -58.350587139962663, -34.728467597916087 ], [ -58.350585871465931, -34.728470891941178 ], [ -58.350428822718271, -34.728905120109026 ], [ -58.35039573569145, -34.728947483774057 ], [ -58.350234010526748, -34.729387834924339 ], [ -58.350187483982964, -34.729519549958468 ], [ -58.350186309519195, -34.729522854654171 ], [ -58.35010029678552, -34.729798441345054 ], [ -58.350082863698063, -34.729825558372056 ], [ -58.349995567886424, -34.730103180901402 ], [ -58.349972745677292, -34.730171040306345 ], [ -58.349971616067613, -34.730174351713366 ], [ -58.349911329164051, -34.730351979035774 ], [ -58.349900016233114, -34.73036935777899 ], [ -58.34983922655023, -34.730547772995287 ], [ -58.349838032044865, -34.730551055376189 ], [ -58.349809489478069, -34.730630103325943 ], [ -58.349647863431372, -34.731077194546579 ], [ -58.349620794101995, -34.731121842899128 ], [ -58.349456764250313, -34.731572962420323 ], [ -58.349424453408382, -34.731660345211239 ], [ -58.349423233780364, -34.731663628767592 ], [ -58.349419707274997, -34.731674235091191 ], [ -58.349418554912667, -34.731675141983345 ], [ -58.349415020867745, -34.731685754699669 ], [ -58.349413806696923, -34.731689038195462 ], [ -58.349384906066661, -34.731766926385149 ], [ -58.349277280703234, -34.732050138354388 ], [ -58.349272241691068, -34.732081208211866 ], [ -58.34916491257691, -34.732362676317834 ], [ -58.349136149302019, -34.732439168559338 ], [ -58.349134924091643, -34.732442445865168 ], [ -58.349092749061306, -34.732550160183763 ], [ -58.349091347638939, -34.732562143631633 ], [ -58.349090083559631, -34.732565515106366 ], [ -58.348729597497929, -34.733571940786106 ], [ -58.348093470589632, -34.733703923270127 ], [ -58.347093678814971, -34.733903980657253 ], [ -58.346423842847216, -34.734367251551106 ], [ -58.346171154220485, -34.7352072687628 ], [ -58.345994172508341, -34.735782829000755 ], [ -58.34669491655221, -34.736680751350363 ], [ -58.346675380482594, -34.737011416458181 ] ] ] ] } },
{ "type": "Feature", "properties": { "ObjectID": 370, "FacilityID": 280, "Name": "Location 13 : 0 - 10", "FromBreak": 0.0, "ToBreak": 10.0, "OBJECTID_1": 0, "stroke": null, "stroke_wid": 0, "stroke_opa": 0, "fill": null, "fill_opaci": 0.0, "name_1": null, "adddress": null, "address": null, "centroides": 0, "centroid": null, "ORIG_FID": 0, "OBJECTID_2": 0, "stroke_1": null, "stroke_w_1": 0, "stroke_o_1": 0, "fill_1": null, "fill_opa_1": 0.0, "name_12": null, "adddress_1": null, "address_1": null, "area": 0, "centroid_1": null, "Shape_Leng": 0.0, "Shape_Area": 0.0 }, "geometry": { "type": "MultiPolygon", "coordinates": [ [ [ [ -58.35656085925001, -34.728788912013087 ], [ -58.356537507099375, -34.729399169955592 ], [ -58.356476452640273, -34.730134523909847 ], [ -58.356447080643363, -34.730878455325076 ], [ -58.356408990944509, -34.731465932841445 ], [ -58.356374689165037, -34.732374176293568 ], [ -58.356307143812465, -34.732794713069296 ], [ -58.356262482409292, -34.73386635641004 ], [ -58.356218799053963, -34.734125387741891 ], [ -58.356104059448533, -34.735447032631662 ], [ -58.355619846536399, -34.735949045657172 ], [ -58.355420506547659, -34.736163881779781 ], [ -58.356599171288551, -34.736392497263033 ], [ -58.356948638214533, -34.736212421180134 ], [ -58.356950471074292, -34.736211199280618 ], [ -58.357016288628103, -34.736123308777152 ], [ -58.356967438019581, -34.735917834443043 ], [ -58.357053527648254, -34.735798115488102 ], [ -58.357420481344278, -34.735874605134164 ], [ -58.357470820749263, -34.735832127531076 ], [ -58.357472842593587, -34.735830779133281 ], [ -58.35747479340926, -34.735829360321851 ], [ -58.35752854919992, -34.735866590976961 ], [ -58.357529543096248, -34.735867812921924 ], [ -58.357538972988337, -34.73589897235339 ], [ -58.357536703618891, -34.735900740828768 ], [ -58.357521816516389, -34.735958678632024 ], [ -58.357412768788656, -34.736009193457782 ], [ -58.35728919068719, -34.736121386125326 ], [ -58.35714706478398, -34.73622079354837 ], [ -58.357089294988761, -34.736263199692253 ], [ -58.357087811512706, -34.736264354607201 ], [ -58.3566907561489, -34.736540954137965 ], [ -58.357038429441879, -34.737535480927889 ], [ -58.358342863153716, -34.738009441858097 ], [ -58.359065978425782, -34.738046285694011 ], [ -58.360168820789234, -34.738094384860254 ], [ -58.36072768313641, -34.738114723738171 ], [ -58.361626866084478, -34.738108366063777 ], [ -58.362324193835555, -34.73813204898876 ], [ -58.363596511825307, -34.738114669034907 ], [ -58.363882195361541, -34.738122883421433 ], [ -58.365328580832418, -34.738289159670352 ], [ -58.365541473765546, -34.738178106277743 ], [ -58.365585692457913, -34.738179609592756 ], [ -58.36719206990368, -34.738226337518988 ], [ -58.367910703003112, -34.737563375278697 ], [ -58.367259712666453, -34.736876560279214 ], [ -58.36727191202985, -34.736868423995304 ], [ -58.367271940523089, -34.736867370018487 ], [ -58.367251394505942, -34.736834443396042 ], [ -58.367343216471639, -34.735515680522113 ], [ -58.367358672933278, -34.73525666335032 ], [ -58.367503401341381, -34.734077683141528 ], [ -58.367523494689721, -34.733635410845054 ], [ -58.36759724827656, -34.732653745623018 ], [ -58.367626865835511, -34.732094127256815 ], [ -58.367633181223873, -34.731206543949803 ], [ -58.367647971585519, -34.730993781445221 ], [ -58.367188781883627, -34.730386950124995 ], [ -58.367218707741095, -34.729917226211271 ], [ -58.366589903505457, -34.728950785182661 ], [ -58.36548500164519, -34.728883139252147 ], [ -58.364982885475762, -34.728888412486974 ], [ -58.363401921555599, -34.728978137874797 ], [ -58.362720370540558, -34.7289928760366 ], [ -58.361618812704677, -34.728950339928105 ], [ -58.360900624733851, -34.728906924135835 ], [ -58.359717537360844, -34.728855885347308 ], [ -58.359092177050606, -34.728848832372265 ], [ -58.358205492653731, -34.728824222233015 ], [ -58.357306608774493, -34.728808440359124 ], [ -58.35656085925001, -34.728788912013087 ] ] ] ] } },
{ "type": "Feature", "properties": { "ObjectID": 371, "FacilityID": 281, "Name": "Location 14 : 0 - 10", "FromBreak": 0.0, "ToBreak": 10.0, "OBJECTID_1": 0, "stroke": null, "stroke_wid": 0, "stroke_opa": 0, "fill": null, "fill_opaci": 0.0, "name_1": null, "adddress": null, "address": null, "centroides": 0, "centroid": null, "ORIG_FID": 0, "OBJECTID_2": 0, "stroke_1": null, "stroke_w_1": 0, "stroke_o_1": 0, "fill_1": null, "fill_opa_1": 0.0, "name_12": null, "adddress_1": null, "address_1": null, "area": 0, "centroid_1": null, "Shape_Leng": 0.0, "Shape_Area": 0.0 }, "geometry": { "type": "MultiPolygon", "coordinates": [ [ [ [ -58.400773369011091, -34.679117154834707 ], [ -58.399684559384283, -34.679230556369177 ], [ -58.399316974179989, -34.679221233999826 ], [ -58.39821662792454, -34.679323840639071 ], [ -58.397842914297534, -34.679344214645909 ], [ -58.396337752456468, -34.679405886082549 ], [ -58.396336839942769, -34.679405993881858 ], [ -58.395269912578627, -34.679502568541558 ], [ -58.395147556180852, -34.67951613012012 ], [ -58.394000691269412, -34.679617861270017 ], [ -58.394151812438402, -34.68079491263709 ], [ -58.394221520847218, -34.681698036192337 ], [ -58.394247783873077, -34.68189536534527 ], [ -58.394294253373459, -34.682536333341545 ], [ -58.394369173512047, -34.683484232042154 ], [ -58.394345010270264, -34.684634847051413 ], [ -58.394297285297128, -34.685873755854026 ], [ -58.394313451601462, -34.68625270856483 ], [ -58.394263069572695, -34.68713440598804 ], [ -58.39429211650129, -34.687742988604469 ], [ -58.394262767994618, -34.688383350687182 ], [ -58.394277871162245, -34.688384256778477 ], [ -58.394672048804381, -34.688449331793919 ], [ -58.395336969945411, -34.689086917889242 ], [ -58.395343497419049, -34.689082034524674 ], [ -58.396280774192633, -34.688642098242667 ], [ -58.396627290042773, -34.688646321302322 ], [ -58.397821541796318, -34.688697825990751 ], [ -58.398641801273669, -34.688673057137905 ], [ -58.399405454809376, -34.688676071111892 ], [ -58.400792434043282, -34.688663734241068 ], [ -58.401253410338754, -34.688710826131988 ], [ -58.402099885208479, -34.689264687203405 ], [ -58.402110797993757, -34.689264600396022 ], [ -58.402944129855172, -34.688697303376408 ], [ -58.403482166369159, -34.688653287809167 ], [ -58.403655834559423, -34.688659016412615 ], [ -58.404587422698945, -34.688590446163765 ], [ -58.405063361779035, -34.688635982016805 ], [ -58.40511733424276, -34.688246493766663 ], [ -58.404733116668041, -34.687063939172084 ], [ -58.405046575704169, -34.685857441378019 ], [ -58.405206033612068, -34.68582489610813 ], [ -58.405209105326605, -34.685809986876563 ], [ -58.40506288349367, -34.685517547820417 ], [ -58.404968952484708, -34.684588909302299 ], [ -58.406069947596443, -34.684377290152042 ], [ -58.406032343144183, -34.684251299322987 ], [ -58.406032197997291, -34.684249620009844 ], [ -58.406028707753912, -34.68421466238302 ], [ -58.406039813902979, -34.68417449067983 ], [ -58.405990317179402, -34.684172656089778 ], [ -58.405643747195192, -34.684154894986115 ], [ -58.405641393735308, -34.684127727082014 ], [ -58.405637100206853, -34.684080288920967 ], [ -58.405965565393444, -34.684001744984116 ], [ -58.406025548987273, -34.683990289201816 ], [ -58.405996669685408, -34.683847916887515 ], [ -58.405996359468958, -34.68384454136536 ], [ -58.404974885086645, -34.683673356747853 ], [ -58.404839683910147, -34.683241200578294 ], [ -58.405820415925639, -34.683108807574705 ], [ -58.405025422284552, -34.682516170270347 ], [ -58.405144031639395, -34.68138954083593 ], [ -58.404856032868331, -34.680503093366355 ], [ -58.404417638615584, -34.679680231428136 ], [ -58.404405337813294, -34.679586802006135 ], [ -58.40433584715543, -34.67933402933626 ], [ -58.404317381153042, -34.679333216399989 ], [ -58.403741314078566, -34.679185585001399 ], [ -58.404233153486139, -34.678369498934835 ], [ -58.404014091385633, -34.678476303638405 ], [ -58.403352442169734, -34.67893870004044 ], [ -58.403119742271031, -34.678952630698767 ], [ -58.402245367515768, -34.678974108734678 ], [ -58.401511823806587, -34.679055503325479 ], [ -58.401310804505819, -34.679077711819083 ], [ -58.400773369011091, -34.679117154834707 ] ] ] ] } },
{ "type": "Feature", "properties": { "ObjectID": 372, "FacilityID": 282, "Name": "Location 15 : 0 - 10", "FromBreak": 0.0, "ToBreak": 10.0, "OBJECTID_1": 0, "stroke": null, "stroke_wid": 0, "stroke_opa": 0, "fill": null, "fill_opaci": 0.0, "name_1": null, "adddress": null, "address": null, "centroides": 0, "centroid": null, "ORIG_FID": 0, "OBJECTID_2": 0, "stroke_1": null, "stroke_w_1": 0, "stroke_o_1": 0, "fill_1": null, "fill_opa_1": 0.0, "name_12": null, "adddress_1": null, "address_1": null, "area": 0, "centroid_1": null, "Shape_Leng": 0.0, "Shape_Area": 0.0 }, "geometry": { "type": "MultiPolygon", "coordinates": [ [ [ [ -58.397676060573986, -34.67175031576982 ], [ -58.396752150407792, -34.67233290076954 ], [ -58.396749029879658, -34.672335091626387 ], [ -58.396000898330648, -34.673525677706891 ], [ -58.395347471630565, -34.67430392121706 ], [ -58.39551235388786, -34.674421627321152 ], [ -58.395644754370011, -34.674582673670329 ], [ -58.396661563967768, -34.674145159741762 ], [ -58.395631596264245, -34.674601634338721 ], [ -58.395630119774957, -34.674604540029989 ], [ -58.395552543559724, -34.674769357132028 ], [ -58.395538787187455, -34.674854500781244 ], [ -58.394883620188416, -34.675391824543084 ], [ -58.394780516343118, -34.675519371914568 ], [ -58.394756519145155, -34.675525160013265 ], [ -58.394650208153813, -34.675653538056018 ], [ -58.394647694070215, -34.675656250103948 ], [ -58.394607584678596, -34.675698815912725 ], [ -58.394316838045803, -34.67598173712291 ], [ -58.39431772876506, -34.676037803595612 ], [ -58.394027148473938, -34.676301612984417 ], [ -58.393947625308947, -34.676384970512999 ], [ -58.393942089157953, -34.676386585032034 ], [ -58.393635012204044, -34.676668438559055 ], [ -58.394192241907128, -34.677569331035599 ], [ -58.394209227360456, -34.677981149346557 ], [ -58.394342180334512, -34.678944807242239 ], [ -58.394354058497967, -34.679057116650434 ], [ -58.394643123447537, -34.679157461866112 ], [ -58.394776276602201, -34.680080633225671 ], [ -58.394850475468765, -34.680251894140206 ], [ -58.394971684526119, -34.681025653032407 ], [ -58.395901217558432, -34.681507221913172 ], [ -58.396360699087346, -34.681474695393575 ], [ -58.397419855642248, -34.681399238984582 ], [ -58.397463980021854, -34.681394831140111 ], [ -58.398939833090814, -34.681257816503297 ], [ -58.399052811130368, -34.681246523765054 ], [ -58.400427912906316, -34.681089029210924 ], [ -58.400691697244241, -34.681061696827946 ], [ -58.401925156680122, -34.680915172766973 ], [ -58.40221576050044, -34.68088630726669 ], [ -58.402979150898759, -34.68081071718111 ], [ -58.403354641463416, -34.680733246087712 ], [ -58.404280022498476, -34.680859631876473 ], [ -58.404610955566817, -34.680969350260284 ], [ -58.405259347801007, -34.680780089816963 ], [ -58.405364941590342, -34.680159770709423 ], [ -58.405568739698573, -34.679112571654059 ], [ -58.405589690136559, -34.678601876210742 ], [ -58.405603233021374, -34.67836368109819 ], [ -58.405616715976279, -34.677802560010726 ], [ -58.405719317573215, -34.676516046808715 ], [ -58.405741476860904, -34.676254088580016 ], [ -58.405796750462891, -34.675215804244964 ], [ -58.405814074153454, -34.674983685456134 ], [ -58.405647738595476, -34.673844949604231 ], [ -58.405390123949033, -34.673477221827419 ], [ -58.405431320816461, -34.672765752548656 ], [ -58.404687126684436, -34.672094773995425 ], [ -58.403855926873419, -34.672067297570102 ], [ -58.40246110191903, -34.671856480751913 ], [ -58.402144013399763, -34.671845341600978 ], [ -58.401004446072506, -34.671870846338081 ], [ -58.400724247090821, -34.671863024507729 ], [ -58.399219768246773, -34.671828078032938 ], [ -58.399163058765765, -34.671839469366404 ], [ -58.397676060573986, -34.67175031576982 ] ] ] ] } }
]
}
